2.3298184871673584	0.0	0.0	0.0	1.5768122673034668	0.0	0.6932119131088257	0.0	0.0	0.0
1.296886682510376	0.0	0.36297303438186646	0.0	2.454551935195923	0.0	0.0	0.0	0.0	0.0
2.8465354442596436	0.0	0.0	0.0	0.4852401316165924	0.0	2.106318473815918	0.0	0.0	0.0
2.991183042526245	0.0	0.0	0.0	0.2760871648788452	0.0	2.3648808002471924	0.0	0.0	0.0
0.30325090885162354	0.0	0.7999591827392578	0.0	3.0924928188323975	0.0	0.0	0.0	0.7285877466201782	0.0
0.842590868473053	0.0	0.5105184316635132	0.0	2.670562744140625	0.0	0.0	0.0	0.0	0.0
1.3617197275161743	0.0	0.302048921585083	0.0	2.3828604221343994	0.0	0.0	0.0	0.0	0.0
0.46657663583755493	0.0	0.7938741445541382	0.0	3.086498498916626	0.0	0.0	0.0	0.5209781527519226	0.0
2.4756736755371094	0.0	0.0	0.0	1.463155746459961	0.0	0.8852930068969727	0.0	0.0	0.0
1.5097640752792358	0.0	0.2527051866054535	0.0	2.357675790786743	0.0	0.0	0.0	0.0	0.0
0.0	0.0	0.9795204401016235	0.0	3.390441656112671	0.0	0.0	0.0	1.4246838092803955	0.0
2.8899431228637695	0.0	0.0	0.0	0.5044105052947998	0.0	2.1262245178222656	0.0	0.0	0.0
0.41054344177246094	0.0	0.8438591957092285	0.0	2.98590350151062	0.0	0.0	0.0	0.5470206141471863	0.0
2.9327805042266846	0.0	0.0	0.0	0.4401039481163025	0.0	2.1701178550720215	0.0	0.0	0.0
2.522573709487915	0.0	0.0	0.0	1.2799437046051025	0.0	1.026414394378662	0.0	0.0	0.0
0.8947753310203552	0.0	0.6502554416656494	0.0	2.778632879257202	0.0	0.0	0.0	0.0	0.0
2.435568332672119	0.0	0.0	0.0	1.419776201248169	0.0	0.8472357988357544	0.0	0.0	0.0
1.9152861833572388	0.0	0.0	0.0	1.8459868431091309	0.0	0.22681239247322083	0.0	0.0	0.0
2.477404832839966	0.0	0.0	0.0	1.4210319519042969	0.0	0.9271788597106934	0.0	0.0	0.0
2.8092398643493652	0.0	0.0	0.0	0.803102433681488	0.0	1.7143194675445557	0.0	0.0	0.0
2.8355937004089355	0.0	0.0	0.0	0.6434159278869629	0.0	1.8800837993621826	0.0	0.0	0.0
0.0	0.0	1.191845417022705	0.0	3.688495397567749	0.0	0.0	0.0	1.983274221420288	0.0
2.973752975463867	0.0	0.0	0.0	0.2820182740688324	0.0	2.3647849559783936	0.0	0.0	0.0
2.5024874210357666	0.0	0.0	0.0	1.409364938735962	0.0	0.9625825881958008	0.0	0.0	0.0
2.5366859436035156	0.0	0.0	0.0	1.3049235343933105	0.0	1.09470534324646	0.0	0.0	0.0
0.0	0.0	0.9887603521347046	0.0	3.2292726039886475	0.0	0.0	0.0	1.2732110023498535	0.0
1.9007848501205444	0.0	0.099957674741745	0.0	2.0858395099639893	0.0	0.0	0.0	0.0	0.0
2.213252067565918	0.0	0.0	0.0	1.796485424041748	0.0	0.4290633499622345	0.0	0.0	0.0
2.811582326889038	0.0	0.0	0.0	0.7829437851905823	0.0	1.744338035583496	0.0	0.0	0.0
2.0725257396698	0.0	0.0	0.0	1.9807653427124023	0.0	0.2314445674419403	0.0	0.0	0.0
1.7609779834747314	0.0	0.14345109462738037	0.0	2.216498851776123	0.0	0.0	0.0	0.0	0.0
2.9930293560028076	0.0	0.0	0.0	0.34123843908309937	0.0	2.3189845085144043	0.0	0.0	0.0
1.9163917303085327	0.0	0.022388190031051636	0.0	2.097236394882202	0.0	0.0	0.0	0.0	0.0
1.4441131353378296	0.0	0.33258533477783203	0.0	2.403489589691162	0.0	0.0	0.0	0.0	0.0
2.938261032104492	0.0	0.0	0.0	0.4144890308380127	0.0	2.2178661823272705	0.0	0.0	0.0
2.929464340209961	0.0	0.0	0.0	0.6146769523620605	0.0	2.038757801055908	0.0	0.0	0.0
0.5542104244232178	0.0	0.7436001300811768	0.0	2.8706774711608887	0.0	0.0	0.0	0.32047414779663086	0.0
2.663698673248291	0.0	0.0	0.0	1.138264536857605	0.0	1.270388126373291	0.0	0.0	0.0
2.1730635166168213	0.0	0.0	0.0	1.720958948135376	0.0	0.5155165195465088	0.0	0.0	0.0
2.968229293823242	0.0	0.0	0.0	0.5143797993659973	0.0	2.1382980346679688	0.0	0.0	0.0
2.448432445526123	0.0	0.0	0.0	1.551988124847412	0.0	0.7163628339767456	0.0	0.0	0.0
2.0514118671417236	0.0	0.0	0.0	1.915235996246338	0.0	0.23640155792236328	0.0	0.0	0.0
1.9319671392440796	0.0	0.0	0.0	1.939605951309204	0.0	0.14473220705986023	0.0	0.0	0.0
2.1438615322113037	0.0	0.0	0.0	1.818375825881958	0.0	0.36879900097846985	0.0	0.0	0.0
2.284017562866211	0.0	0.0	0.0	1.6890339851379395	0.0	0.5927320718765259	0.0	0.0	0.0
2.517324686050415	0.0	0.0	0.0	1.417858362197876	0.0	0.9223309755325317	0.0	0.0	0.0
2.64709734916687	0.0	0.0	0.0	1.1462199687957764	0.0	1.3274444341659546	0.0	0.0	0.0
2.709120273590088	0.0	0.0	0.0	0.975744366645813	0.0	1.5404177904129028	0.0	0.0	0.0
2.2191221714019775	0.0	0.0	0.0	1.716118335723877	0.0	0.5284848213195801	0.0	0.0	0.0
0.3518800139427185	0.0	0.7912100553512573	0.0	3.052607297897339	0.0	0.0	0.0	0.6549867987632751	0.0
0.0	0.0	1.1549586057662964	0.0	3.678276300430298	0.0	0.0	0.0	2.014474630355835	0.0
0.8100010752677917	0.0	0.5921136140823364	0.0	2.8035879135131836	0.0	0.0	0.0	0.0	0.0
2.7388641834259033	0.0	0.0	0.0	1.012740969657898	0.0	1.4738937616348267	0.0	0.0	0.0
0.8452121615409851	0.0	0.5866245627403259	0.0	2.7029292583465576	0.0	0.0	0.0	0.0	0.0
2.7456836700439453	0.0	0.0	0.0	0.9672313928604126	0.0	1.5076806545257568	0.0	0.0	0.0
0.513713538646698	0.0	0.7139511108398438	0.0	2.817641258239746	0.0	0.0	0.0	0.3432181477546692	0.0
2.316880464553833	0.0	0.0	0.0	1.3381423950195312	0.0	1.0110281705856323	0.0	0.0	0.0
1.6466912031173706	0.0	0.2014906257390976	0.0	2.2697513103485107	0.0	0.0	0.0	0.0	0.0
2.5584301948547363	0.0	0.0	0.0	1.1882765293121338	0.0	1.2136785984039307	0.0	0.0	0.0
2.738025426864624	0.0	0.0	0.0	0.8673788905143738	0.0	1.6135905981063843	0.0	0.0	0.0
2.603395462036133	0.0	0.0	0.0	1.2696270942687988	0.0	1.1639679670333862	0.0	0.0	0.0
0.0	0.0	1.0906940698623657	0.0	3.5894110202789307	0.0	0.0	0.0	1.7042198181152344	0.0
2.664191484451294	0.0	0.0	0.0	1.009148359298706	0.0	1.4406192302703857	0.0	0.0	0.0
2.470787525177002	0.0	0.0	0.0	1.563666820526123	0.0	0.7847895622253418	0.0	0.0	0.0
2.9751973152160645	0.0	0.0	0.0	0.30815523862838745	0.0	2.3474254608154297	0.0	0.0	0.0
0.0	0.0	1.6204233169555664	0.0	5.144088268280029	0.0	0.0	0.0	4.061931133270264	0.0
2.482861042022705	0.0	0.0	0.0	1.0342543125152588	0.0	1.349987268447876	0.0	0.0	0.0
2.381824016571045	0.0	0.0	0.0	1.3954637050628662	0.0	0.921170711517334	0.0	0.0	0.0
1.6957741975784302	0.0	0.17358577251434326	0.0	2.245964527130127	0.0	0.0	0.0	0.0	0.0
3.033463954925537	0.0	0.0	0.0	0.22913672029972076	0.0	2.4662668704986572	0.0	0.0	0.0
2.9151387214660645	0.0	0.0	0.0	0.46204251050949097	0.0	2.1704461574554443	0.0	0.0	0.0
1.157113790512085	0.0	0.36755499243736267	0.0	2.6026108264923096	0.0	0.0	0.0	0.0	0.0
1.7645772695541382	0.0	0.08114343136548996	0.0	2.098334550857544	0.0	0.0	0.0	0.0	0.0
2.8794846534729004	0.0	0.0	0.0	0.5688827037811279	0.0	2.013047218322754	0.0	0.0	0.0
0.061579629778862	0.0	0.9644762277603149	0.0	3.1956169605255127	0.0	0.0	0.0	1.0921740531921387	0.0
0.21857620775699615	0.0	0.8907350301742554	0.0	3.0739803314208984	0.0	0.0	0.0	0.828741192817688	0.0
2.670706033706665	0.0	0.0	0.0	1.05963933467865	0.0	1.3702703714370728	0.0	0.0	0.0
0.982966959476471	0.0	0.535128116607666	0.0	2.6982035636901855	0.0	0.0	0.0	0.0	0.0
0.7563373446464539	0.0	0.6007016897201538	0.0	2.703620672225952	0.0	0.0	0.0	0.010885223746299744	0.0
1.3054225444793701	0.0	0.4131263196468353	0.0	2.62624454498291	0.0	0.0	0.0	0.0	0.0
2.502964735031128	0.0	0.0	0.0	1.530975103378296	0.0	0.8376227617263794	0.0	0.0	0.0
0.0	0.0	1.3323557376861572	0.0	4.289456844329834	0.0	0.0	0.0	2.846740484237671	0.0
2.5340144634246826	0.0	0.0	0.0	1.4819114208221436	0.0	0.9400303363800049	0.0	0.0	0.0
0.0	0.0	1.23438560962677	0.0	3.8625853061676025	0.0	0.0	0.0	2.2127132415771484	0.0
2.859637498855591	0.0	0.0	0.0	0.5152159929275513	0.0	2.125213623046875	0.0	0.0	0.0
0.0	0.0	1.0794621706008911	0.0	3.640871524810791	0.0	0.0	0.0	1.9717371463775635	0.0
1.603778600692749	0.0	0.3182101845741272	0.0	2.495145559310913	0.0	0.0	0.0	0.0	0.0
0.12688352167606354	0.0	0.9007316827774048	0.0	3.1202070713043213	0.0	0.0	0.0	0.9764513969421387	0.0
0.06441204249858856	0.0	0.9781355857849121	0.0	3.193147897720337	0.0	0.0	0.0	1.0888490676879883	0.0
2.8259425163269043	0.0	0.0	0.0	0.6471433043479919	0.0	1.9161322116851807	0.0	0.0	0.0
0.2522367835044861	0.0	0.7950568199157715	0.0	3.0143418312072754	0.0	0.0	0.0	0.7722141146659851	0.0
0.13358084857463837	0.0	0.9032436609268188	0.0	3.2226006984710693	0.0	0.0	0.0	1.0151441097259521	0.0
1.4799569845199585	0.0	0.27066975831985474	0.0	2.3485310077667236	0.0	0.0	0.0	0.0	0.0
2.8024027347564697	0.0	0.0	0.0	0.7207678556442261	0.0	1.755763053894043	0.0	0.0	0.0
2.044126033782959	0.0	0.010181233286857605	0.0	1.9944682121276855	0.0	0.0562402606010437	0.0	0.0	0.0
0.352114200592041	0.0	0.8854215145111084	0.0	3.08074951171875	0.0	0.0	0.0	0.6561540961265564	0.0
0.11671353876590729	0.0	0.9416338205337524	0.0	3.220794677734375	0.0	0.0	0.0	1.072521448135376	0.0
2.493532657623291	0.0	0.0	0.0	1.4393672943115234	0.0	0.9450430870056152	0.0	0.0	0.0
2.924116373062134	0.0	0.0	0.0	0.46815985441207886	0.0	2.1458065509796143	0.0	0.0	0.0
2.7712080478668213	0.0	0.0	0.0	0.7299385070800781	0.0	1.8061797618865967	0.0	0.0	0.0
2.3718464374542236	0.0	0.0	0.0	1.5111980438232422	0.0	0.7215847969055176	0.0	0.0	0.0
2.636615753173828	0.0	0.0	0.0	1.2836763858795166	0.0	1.0999236106872559	0.0	0.0	0.0
2.9410741329193115	0.0	0.0	0.0	0.4367316961288452	0.0	2.192517042160034	0.0	0.0	0.0
1.9996968507766724	0.0	0.0	0.0	1.8924760818481445	0.0	0.17186808586120605	0.0	0.0	0.0
2.541792869567871	0.0	0.0	0.0	1.1114997863769531	0.0	1.2688630819320679	0.0	0.0	0.0
2.7866222858428955	0.0	0.0	0.0	0.7149308919906616	0.0	1.8306105136871338	0.0	0.0	0.0
2.956284761428833	0.0	0.0	0.0	0.2527399957180023	0.0	2.3869705200195312	0.0	0.0	0.0
1.994136929512024	0.0	0.00976349413394928	0.0	2.036423921585083	0.0	0.10357791185379028	0.0	0.0	0.0
2.2053160667419434	0.0	0.0	0.0	1.7974283695220947	0.0	0.4139041602611542	0.0	0.0	0.0
1.1345677375793457	0.0	0.4623810946941376	0.0	2.5029709339141846	0.0	0.0	0.0	0.0	0.0
1.7515137195587158	0.0	0.10194496065378189	0.0	2.1528236865997314	0.0	0.0	0.0	0.0	0.0
1.8868919610977173	0.0	0.0	0.0	1.9654712677001953	0.0	0.05368712544441223	0.0	0.0	0.0
0.33322346210479736	0.0	0.8881208896636963	0.0	3.062788486480713	0.0	0.0	0.0	0.693880558013916	0.0
2.832826614379883	0.0	0.0	0.0	0.759253203868866	0.0	1.8077268600463867	0.0	0.0	0.0
1.772774338722229	0.0	0.21416626870632172	0.0	2.2973642349243164	0.0	0.0	0.0	0.0	0.0
2.5138120651245117	0.0	0.0	0.0	1.014228343963623	0.0	1.3826807737350464	0.0	0.0	0.0
2.29887318611145	0.0	0.0	0.0	1.6999852657318115	0.0	0.5672765970230103	0.0	0.0	0.0
2.8488593101501465	0.0	0.0	0.0	0.5075253248214722	0.0	2.020350694656372	0.0	0.0	0.0
1.1031745672225952	0.0	0.3244573175907135	0.0	2.4844119548797607	0.0	0.0	0.0	0.0	0.0
1.240286111831665	0.0	0.4497140944004059	0.0	2.5344314575195312	0.0	0.0	0.0	0.0	0.0
2.608907699584961	0.0	0.0	0.0	1.2149035930633545	0.0	1.2144709825515747	0.0	0.0	0.0
2.9939677715301514	0.0	0.0	0.0	0.21674194931983948	0.0	2.4597904682159424	0.0	0.0	0.0
2.8294882774353027	0.0	0.0	0.0	0.6330438852310181	0.0	1.955475091934204	0.0	0.0	0.0
2.760570526123047	0.0	0.0	0.0	0.7682723999023438	0.0	1.7246901988983154	0.0	0.0	0.0
2.4381771087646484	0.0	0.0	0.0	1.4991779327392578	0.0	0.830512285232544	0.0	0.0	0.0
1.9351142644882202	0.0	0.0	0.0	1.9395534992218018	0.0	0.13392114639282227	0.0	0.0	0.0
2.082780361175537	0.0	0.0	0.0	1.8678219318389893	0.0	0.25189149379730225	0.0	0.0	0.0
1.3582813739776611	0.0	0.31396710872650146	0.0	2.428122043609619	0.0	0.0	0.0	0.0	0.0
1.820832371711731	0.0	0.15833614766597748	0.0	2.138982057571411	0.0	0.0	0.0	0.0	0.0
1.5824705362319946	0.0	0.28083860874176025	0.0	2.3554131984710693	0.0	0.0	0.0	0.0	0.0
0.04328562319278717	0.0	0.8905538320541382	0.0	3.1681108474731445	0.0	0.0	0.0	1.0854871273040771	0.0
0.019300803542137146	0.0	0.9810055494308472	0.0	3.315183162689209	0.0	0.0	0.0	1.2104312181472778	0.0
2.5820019245147705	0.0	0.0	0.0	1.2601985931396484	0.0	1.1067289113998413	0.0	0.0	0.0
0.23378364741802216	0.0	0.8991878032684326	0.0	3.1233465671539307	0.0	0.0	0.0	0.8351016044616699	0.0
0.0	0.0	0.9949625730514526	0.0	3.3426854610443115	0.0	0.0	0.0	1.3699147701263428	0.0
1.628388524055481	0.0	0.2818567454814911	0.0	2.438565731048584	0.0	0.0	0.0	0.0	0.0
2.7700538635253906	0.0	0.0	0.0	0.827725887298584	0.0	1.6957268714904785	0.0	0.0	0.0
2.865781307220459	0.0	0.0	0.0	0.7796057462692261	0.0	1.8141145706176758	0.0	0.0	0.0
0.0	0.0	1.386760950088501	0.0	4.152737140655518	0.0	0.0	0.0	2.727876663208008	0.0
0.7168795466423035	0.0	0.6926172971725464	0.0	2.7763655185699463	0.0	0.0	0.0	0.0792892724275589	0.0
2.03360915184021	0.0	0.09319663047790527	0.0	2.0869548320770264	0.0	0.05884438753128052	0.0	0.0	0.0
0.3889475464820862	0.0	0.8317737579345703	0.0	3.011237144470215	0.0	0.0	0.0	0.5802161693572998	0.0
1.6525629758834839	0.0	0.12638084590435028	0.0	2.1641921997070312	0.0	0.0	0.0	0.0	0.0
2.490506887435913	0.0	0.0	0.0	1.2164497375488281	0.0	1.1085782051086426	0.0	0.0	0.0
1.8253496885299683	0.0	0.07574324309825897	0.0	2.1345319747924805	0.0	0.0	0.0	0.0	0.0
0.8813781142234802	0.0	0.589103102684021	0.0	2.746403932571411	0.0	0.0	0.0	0.0	0.0
2.63346529006958	0.0	0.0	0.0	1.2009295225143433	0.0	1.2218058109283447	0.0	0.0	0.0
1.8629480600357056	0.0	0.06204301118850708	0.0	2.0771632194519043	0.0	0.0010625571012496948	0.0	0.0	0.0
2.185142755508423	0.0	0.0	0.0	1.8759629726409912	0.0	0.2811897099018097	0.0	0.0	0.0
1.9980632066726685	0.0	0.0	0.0	1.802786111831665	0.0	0.31403425335884094	0.0	0.0	0.0
0.0	0.0	1.0514615774154663	0.0	3.3469300270080566	0.0	0.0	0.0	1.4961544275283813	0.0
2.7498619556427	0.0	0.0	0.0	0.9121222496032715	0.0	1.5687905550003052	0.0	0.0	0.0
0.0	0.0	1.407639741897583	0.0	4.389711856842041	0.0	0.0	0.0	2.9964699745178223	0.0
2.8578572273254395	0.0	0.0	0.0	0.7207976579666138	0.0	1.8408355712890625	0.0	0.0	0.0
0.14669550955295563	0.0	0.8080157041549683	0.0	3.047677993774414	0.0	0.0	0.0	0.9163610935211182	0.0
2.7803268432617188	0.0	0.0	0.0	0.6406359672546387	0.0	1.9004735946655273	0.0	0.0	0.0
1.9963430166244507	0.0	0.0	0.0	1.8592252731323242	0.0	0.2843693196773529	0.0	0.0	0.0
2.426582098007202	0.0	0.0	0.0	1.537682056427002	0.0	0.7386918067932129	0.0	0.0	0.0
2.3176746368408203	0.0	0.0	0.0	1.6047191619873047	0.0	0.7503648996353149	0.0	0.0	0.0
1.8728872537612915	0.0	0.10441146790981293	0.0	2.1790597438812256	0.0	0.0	0.0	0.0	0.0
2.7254767417907715	0.0	0.0	0.0	0.9496594667434692	0.0	1.524361252784729	0.0	0.0	0.0
0.9732626080513	0.0	0.5588809251785278	0.0	2.761566638946533	0.0	0.0	0.0	0.0	0.0
2.8775060176849365	0.0	0.0	0.0	0.6708774566650391	0.0	1.9318978786468506	0.0	0.0	0.0
3.024489164352417	0.0	0.0	0.0	0.3122856318950653	0.0	2.386918067932129	0.0	0.0	0.0
0.0	0.0	1.0282537937164307	0.0	3.3372604846954346	0.0	0.0	0.0	1.2386183738708496	0.0
2.878340482711792	0.0	0.0	0.0	0.5148499011993408	0.0	2.055161714553833	0.0	0.0	0.0
2.6366655826568604	0.0	0.0	0.0	1.0922276973724365	0.0	1.3688668012619019	0.0	0.0	0.0
0.0	0.0	1.2625428438186646	0.0	3.856318950653076	0.0	0.0	0.0	2.232032060623169	0.0
0.4387935996055603	0.0	0.7048578262329102	0.0	2.8823764324188232	0.0	0.0	0.0	0.44309568405151367	0.0
1.0161646604537964	0.0	0.47968900203704834	0.0	2.5593531131744385	0.0	0.0	0.0	0.0	0.0
0.0	0.0	1.0021469593048096	0.0	3.3442182540893555	0.0	0.0	0.0	1.2902215719223022	0.0
2.178182601928711	0.0	0.0	0.0	1.911123514175415	0.0	0.2553047239780426	0.0	0.0	0.0
2.874006509780884	0.0	0.0	0.0	0.6805757880210876	0.0	1.8830444812774658	0.0	0.0	0.0
2.661888599395752	0.0	0.0	0.0	1.0994505882263184	0.0	1.379313349723816	0.0	0.0	0.0
2.314181089401245	0.0	0.0	0.0	1.7685163021087646	0.0	0.5134040117263794	0.0	0.0	0.0
2.8244028091430664	0.0	0.0	0.0	0.7758241891860962	0.0	1.7826457023620605	0.0	0.0	0.0
2.904388427734375	0.0	0.0	0.0	0.4694153666496277	0.0	2.165856122970581	0.0	0.0	0.0
2.015355348587036	0.0	0.05713752657175064	0.0	2.112126350402832	0.0	0.002788826823234558	0.0	0.0	0.0
2.938330888748169	0.0	0.0	0.0	0.3666066527366638	0.0	2.2595090866088867	0.0	0.0	0.0
2.9251298904418945	0.0	0.0	0.0	0.2376302182674408	0.0	2.3637535572052	0.0	0.0	0.0
2.3009862899780273	0.0	0.0	0.0	1.7293119430541992	0.0	0.518061637878418	0.0	0.0	0.0
2.339810371398926	0.0	0.0	0.0	1.402611494064331	0.0	0.8852750062942505	0.0	0.0	0.0
2.847179651260376	0.0	0.0	0.0	0.5687353610992432	0.0	2.0103256702423096	0.0	0.0	0.0
0.0	0.0	1.1490708589553833	0.0	3.615126371383667	0.0	0.0	0.0	1.843346118927002	0.0
0.5730857253074646	0.0	0.6956585645675659	0.0	2.7845733165740967	0.0	0.0	0.0	0.2382575124502182	0.0
1.0174713134765625	0.0	0.5225285291671753	0.0	2.670654773712158	0.0	0.0	0.0	0.0	0.0
0.0	0.0	1.3161685466766357	0.0	4.013611316680908	0.0	0.0	0.0	2.4629318714141846	0.0
2.3216302394866943	0.0	0.0	0.0	1.719954013824463	0.0	0.6400434970855713	0.0	0.0	0.0
2.8261523246765137	0.0	0.0	0.0	0.7358044385910034	0.0	1.7858831882476807	0.0	0.0	0.0
2.6566004753112793	0.0	0.0	0.0	1.0908582210540771	0.0	1.3877789974212646	0.0	0.0	0.0
0.8351029753684998	0.0	0.5008238554000854	0.0	2.6045737266540527	0.0	0.0	0.0	0.0	0.0
0.0	0.0	1.087735652923584	0.0	3.3544607162475586	0.0	0.0	0.0	1.4210546016693115	0.0
2.7457118034362793	0.0	0.0	0.0	0.9919573664665222	0.0	1.4928227663040161	0.0	0.0	0.0
2.779560089111328	0.0	0.0	0.0	0.8764675855636597	0.0	1.6270349025726318	0.0	0.0	0.0
1.4935437440872192	0.0	0.22360438108444214	0.0	2.319685697555542	0.0	0.0	0.0	0.0	0.0
1.6244643926620483	0.0	0.2826403081417084	0.0	2.352557897567749	0.0	0.0	0.0	0.0	0.0
2.791025400161743	0.0	0.0	0.0	0.7887325882911682	0.0	1.7535394430160522	0.0	0.0	0.0
1.5379009246826172	0.0	0.2664320468902588	0.0	2.3833789825439453	0.0	0.0	0.0	0.0	0.0
2.8814430236816406	0.0	0.0	0.0	0.6125257611274719	0.0	1.9924709796905518	0.0	0.0	0.0
0.27699923515319824	0.0	0.7930155992507935	0.0	2.9370086193084717	0.0	0.0	0.0	0.6774071455001831	0.0
2.1138038635253906	0.0	0.0	0.0	1.933215856552124	0.0	0.1760231852531433	0.0	0.0	0.0
2.2460951805114746	0.0	0.0	0.0	1.7085552215576172	0.0	0.4253680408000946	0.0	0.0	0.0
1.7921061515808105	0.0	0.20792290568351746	0.0	2.301917314529419	0.0	0.0	0.0	0.0	0.0
2.996100425720215	0.0	0.0	0.0	0.270142525434494	0.0	2.4079060554504395	0.0	0.0	0.0
2.975870132446289	0.0	0.0	0.0	0.25874990224838257	0.0	2.3938496112823486	0.0	0.0	0.0
1.7336840629577637	0.0	0.2218714952468872	0.0	2.260110378265381	0.0	0.0	0.0	0.0	0.0
0.9773625731468201	0.0	0.5115988254547119	0.0	2.626471519470215	0.0	0.0	0.0	0.0	0.0
1.8941205739974976	0.0	0.0637459009885788	0.0	2.0874834060668945	0.0	0.0	0.0	0.0	0.0
2.8686280250549316	0.0	0.0	0.0	0.5469995737075806	0.0	2.0277905464172363	0.0	0.0	0.0
2.9891631603240967	0.0	0.0	0.0	0.1960906982421875	0.0	2.4689526557922363	0.0	0.0	0.0
2.8813624382019043	0.0	0.0	0.0	0.5728100538253784	0.0	2.014785051345825	0.0	0.0	0.0
1.2910321950912476	0.0	0.4391252100467682	0.0	2.606672525405884	0.0	0.0	0.0	0.0	0.0
3.0189309120178223	0.0	0.0	0.0	0.15163464844226837	0.0	2.544171094894409	0.0	0.0	0.0
0.7942754030227661	0.0	0.5356024503707886	0.0	2.6490046977996826	0.0	0.0	0.0	0.0	0.0
2.8984322547912598	0.0	0.0	0.0	0.38348454236984253	0.0	2.22609806060791	0.0	0.0	0.0
2.8889718055725098	0.0	0.0	0.0	0.543463408946991	0.0	2.003037691116333	0.0	0.0	0.0
2.693779945373535	0.0	0.0	0.0	1.0573077201843262	0.0	1.3902853727340698	0.0	0.0	0.0
2.23077654838562	0.0	0.0	0.0	1.4495518207550049	0.0	0.822196364402771	0.0	0.0	0.0
0.6573998928070068	0.0	0.6680201292037964	0.0	2.7821900844573975	0.0	0.0	0.0	0.15796391665935516	0.0
2.0640780925750732	0.0	0.0	0.0	1.99686861038208	0.0	0.19250565767288208	0.0	0.0	0.0
2.654672622680664	0.0	0.0	0.0	1.1134144067764282	0.0	1.2890369892120361	0.0	0.0	0.0
0.0	0.0	1.1728113889694214	0.0	3.890347719192505	0.0	0.0	0.0	2.192279100418091	0.0
2.125588893890381	0.0	0.0	0.0	1.7348995208740234	0.0	0.5335884094238281	0.0	0.0	0.0
2.125059127807617	0.0	0.0	0.0	1.8777780532836914	0.0	0.2636420726776123	0.0	0.0	0.0
0.0	0.0	1.0685391426086426	0.0	3.5177860260009766	0.0	0.0	0.0	1.7274894714355469	0.0
2.802063465118408	0.0	0.0	0.0	0.7423231601715088	0.0	1.831235647201538	0.0	0.0	0.0
2.899346113204956	0.0	0.0	0.0	0.5711697340011597	0.0	2.017529010772705	0.0	0.0	0.0
1.5367004871368408	0.0	0.2755189538002014	0.0	2.3632149696350098	0.0	0.0	0.0	0.0	0.0
2.261202812194824	0.0	0.0	0.0	1.8649389743804932	0.0	0.37381675839424133	0.0	0.0	0.0
0.5434801578521729	0.0	0.8053098917007446	0.0	3.0026795864105225	0.0	0.0	0.0	0.3928321599960327	0.0
2.6006217002868652	0.0	0.0	0.0	1.2238045930862427	0.0	1.2210150957107544	0.0	0.0	0.0
0.6094392538070679	0.0	0.7342900037765503	0.0	2.8412537574768066	0.0	0.0	0.0	0.2398451417684555	0.0
0.0	0.0	1.0260177850723267	0.0	3.4520132541656494	0.0	0.0	0.0	1.5817370414733887	0.0
2.7447519302368164	0.0	0.0	0.0	0.9496874213218689	0.0	1.5390897989273071	0.0	0.0	0.0
1.9494069814682007	0.0	0.0	0.0	2.036395311355591	0.0	0.14055633544921875	0.0	0.0	0.0
0.0	0.0	1.0305204391479492	0.0	3.3707334995269775	0.0	0.0	0.0	1.3055334091186523	0.0
2.9723217487335205	0.0	0.0	0.0	0.28639352321624756	0.0	2.3841354846954346	0.0	0.0	0.0
2.796147108078003	0.0	0.0	0.0	0.8115153908729553	0.0	1.761924147605896	0.0	0.0	0.0
2.7521767616271973	0.0	0.0	0.0	0.8908557295799255	0.0	1.5653791427612305	0.0	0.0	0.0
2.1149137020111084	0.0	0.0	0.0	1.8687818050384521	0.0	0.31854447722435	0.0	0.0	0.0
2.5126750469207764	0.0	0.0	0.0	1.2687056064605713	0.0	1.061571478843689	0.0	0.0	0.0
1.9620033502578735	0.0	0.0	0.0	1.9543230533599854	0.0	0.14135092496871948	0.0	0.0	0.0
0.0	0.0	1.2789846658706665	0.0	3.981954336166382	0.0	0.0	0.0	2.4570014476776123	0.0
2.9592702388763428	0.0	0.0	0.0	0.5672004222869873	0.0	2.093867540359497	0.0	0.0	0.0
1.242809534072876	0.0	0.2532781660556793	0.0	2.351288080215454	0.0	0.0	0.0	0.0	0.0
2.9177262783050537	0.0	0.0	0.0	0.3190506100654602	0.0	2.280026912689209	0.0	0.0	0.0
1.8337761163711548	0.0	0.17492511868476868	0.0	2.1737289428710938	0.0	0.0	0.0	0.0	0.0
1.0866994857788086	0.0	0.5045638084411621	0.0	2.63494610786438	0.0	0.0	0.0	0.0	0.0
2.7178876399993896	0.0	0.0	0.0	0.7665694355964661	0.0	1.7308411598205566	0.0	0.0	0.0
2.7599599361419678	0.0	0.0	0.0	0.9046508073806763	0.0	1.6382948160171509	0.0	0.0	0.0
3.0016520023345947	0.0	0.0	0.0	0.25401005148887634	0.0	2.4195079803466797	0.0	0.0	0.0
0.2418685406446457	0.0	0.8679836988449097	0.0	3.0267205238342285	0.0	0.0	0.0	0.770604133605957	0.0
2.9327428340911865	0.0	0.0	0.0	0.43000975251197815	0.0	2.225459337234497	0.0	0.0	0.0
2.4257099628448486	0.0	0.0	0.0	1.4848096370697021	0.0	0.7731673717498779	0.0	0.0	0.0
2.9165048599243164	0.0	0.0	0.0	0.36171939969062805	0.0	2.222458839416504	0.0	0.0	0.0
2.22776460647583	0.0	0.0	0.0	1.5903255939483643	0.0	0.6482255458831787	0.0	0.0	0.0
2.996828556060791	0.0	0.0	0.0	0.21429765224456787	0.0	2.463536024093628	0.0	0.0	0.0
1.1749762296676636	0.0	0.4332171380519867	0.0	2.477323293685913	0.0	0.0	0.0	0.0	0.0
1.3342413902282715	0.0	0.33109360933303833	0.0	2.377316951751709	0.0	0.0	0.0	0.0	0.0
1.5982657670974731	0.0	0.3207998275756836	0.0	2.4565134048461914	0.0	0.0	0.0	0.0	0.0
2.7905502319335938	0.0	0.0	0.0	0.6143412590026855	0.0	1.9138219356536865	0.0	0.0	0.0
2.892218589782715	0.0	0.0	0.0	0.5220680236816406	0.0	2.0615735054016113	0.0	0.0	0.0
2.8165884017944336	0.0	0.0	0.0	0.6955831050872803	0.0	1.801325798034668	0.0	0.0	0.0
2.3737905025482178	0.0	0.0	0.0	1.5581512451171875	0.0	0.6575320959091187	0.0	0.0	0.0
1.6244302988052368	0.0	0.1893172562122345	0.0	2.2546706199645996	0.0	0.0	0.0	0.0	0.0
1.4948086738586426	0.0	0.23069137334823608	0.0	2.299715518951416	0.0	0.0	0.0	0.0	0.0
1.5206657648086548	0.0	0.21150439977645874	0.0	2.30945086479187	0.0	0.0	0.0	0.0	0.0
1.4346047639846802	0.0	0.4210541248321533	0.0	2.5556747913360596	0.0	0.0	0.0	0.0	0.0
2.5801384449005127	0.0	0.0	0.0	1.1902801990509033	0.0	1.1812621355056763	0.0	0.0	0.0
0.9579617381095886	0.0	0.5703020095825195	0.0	2.709503412246704	0.0	0.0	0.0	0.0	0.0
2.5880517959594727	0.0	0.0	0.0	1.318833351135254	0.0	1.0959442853927612	0.0	0.0	0.0
2.867466688156128	0.0	0.0	0.0	0.3579421043395996	0.0	2.2094035148620605	0.0	0.0	0.0
0.0	0.0	0.9848023653030396	0.0	3.2468271255493164	0.0	0.0	0.0	1.2076371908187866	0.0
2.6927032470703125	0.0	0.0	0.0	1.164785623550415	0.0	1.2866131067276	0.0	0.0	0.0
2.9801344871520996	0.0	0.0	0.0	0.29093024134635925	0.0	2.3831722736358643	0.0	0.0	0.0
1.3806071281433105	0.0	0.3948226571083069	0.0	2.463655471801758	0.0	0.0	0.0	0.0	0.0
2.872483491897583	0.0	0.0	0.0	0.5528953075408936	0.0	2.0576627254486084	0.0	0.0	0.0
0.42753303050994873	0.0	0.807752251625061	0.0	2.970402240753174	0.0	0.0	0.0	0.5378981828689575	0.0
0.379952609539032	0.0	0.8183197975158691	0.0	3.015232801437378	0.0	0.0	0.0	0.616025447845459	0.0
2.8516571521759033	0.0	0.0	0.0	0.6530200839042664	0.0	1.9562811851501465	0.0	0.0	0.0
1.6177119016647339	0.0	0.2326892614364624	0.0	2.330918312072754	0.0	0.0	0.0	0.0	0.0
2.6751773357391357	0.0	0.0	0.0	1.1390953063964844	0.0	1.3250303268432617	0.0	0.0	0.0
2.7230684757232666	0.0	0.0	0.0	0.8984992504119873	0.0	1.6676512956619263	0.0	0.0	0.0
2.4724419116973877	0.0	0.0	0.0	1.6580965518951416	0.0	0.6602140665054321	0.0	0.0	0.0
0.8871662020683289	0.0	0.6863008737564087	0.0	2.784569501876831	0.0	0.0	0.0	0.0	0.0
1.110098123550415	0.0	0.46330729126930237	0.0	2.5451228618621826	0.0	0.0	0.0	0.0	0.0
2.991720199584961	0.0	0.0	0.0	0.36619412899017334	0.0	2.3173325061798096	0.0	0.0	0.0
2.8020718097686768	0.0	0.0	0.0	0.8186880946159363	0.0	1.6934764385223389	0.0	0.0	0.0
2.147592782974243	0.0	0.0	0.0	2.0088114738464355	0.0	0.20277410745620728	0.0	0.0	0.0
2.450648546218872	0.0	0.0	0.0	1.579815149307251	0.0	0.7390449047088623	0.0	0.0	0.0
2.9959378242492676	0.0	0.0	0.0	0.17897553741931915	0.0	2.4874939918518066	0.0	0.0	0.0
2.8650996685028076	0.0	0.0	0.0	0.5516166687011719	0.0	2.03930401802063	0.0	0.0	0.0
1.2126833200454712	0.0	0.3732925057411194	0.0	2.4167063236236572	0.0	0.0	0.0	0.0	0.0
0.7081509232521057	0.0	0.6991405487060547	0.0	2.7912044525146484	0.0	0.0	0.0	0.11421845853328705	0.0
1.7067914009094238	0.0	0.19609962403774261	0.0	2.2878730297088623	0.0	0.0	0.0	0.0	0.0
2.091212272644043	0.0	0.0	0.0	1.9981935024261475	0.0	0.10303694009780884	0.0	0.0	0.0
2.5982840061187744	0.0	0.0	0.0	1.1907565593719482	0.0	1.246837854385376	0.0	0.0	0.0
2.8787381649017334	0.0	0.0	0.0	0.4798879623413086	0.0	2.0774893760681152	0.0	0.0	0.0
2.595838785171509	0.0	0.0	0.0	1.4027001857757568	0.0	1.0024558305740356	0.0	0.0	0.0
1.6382886171340942	0.0	0.09239491820335388	0.0	2.182647228240967	0.0	0.0	0.0	0.0	0.0
2.7351913452148438	0.0	0.0	0.0	0.9257729649543762	0.0	1.599340558052063	0.0	0.0	0.0
2.862574577331543	0.0	0.0	0.0	0.551805853843689	0.0	2.0337705612182617	0.0	0.0	0.0
2.6085641384124756	0.0	0.0	0.0	1.1298680305480957	0.0	1.2743512392044067	0.0	0.0	0.0
2.581955671310425	0.0	0.0	0.0	1.3047213554382324	0.0	1.1776431798934937	0.0	0.0	0.0
1.666082739830017	0.0	0.24126821756362915	0.0	2.3776800632476807	0.0	0.0	0.0	0.0	0.0
1.761293888092041	0.0	0.237474262714386	0.0	2.344209909439087	0.0	0.0	0.0	0.0	0.0
0.717299222946167	0.0	0.6052173376083374	0.0	2.787855625152588	0.0	0.0	0.0	0.04504980146884918	0.0
2.9846324920654297	0.0	0.0	0.0	0.20670399069786072	0.0	2.481506109237671	0.0	0.0	0.0
2.9704837799072266	0.0	0.0	0.0	0.2684212923049927	0.0	2.3429555892944336	0.0	0.0	0.0
2.79819655418396	0.0	0.0	0.0	0.8607538938522339	0.0	1.651073694229126	0.0	0.0	0.0
2.8859028816223145	0.0	0.0	0.0	0.7028836607933044	0.0	1.9126646518707275	0.0	0.0	0.0
2.1417057514190674	0.0	0.0	0.0	1.8906173706054688	0.0	0.23941799998283386	0.0	0.0	0.0
2.023226737976074	0.0	0.07384788244962692	0.0	2.1809232234954834	0.0	0.0	0.0	0.0	0.0
2.8366782665252686	0.0	0.0	0.0	0.8228155374526978	0.0	1.7447104454040527	0.0	0.0	0.0
