2.802122116088867	0.0	0.0	0.0	0.6758648157119751	0.0	1.9068853855133057	0.0	0.0	0.0
1.6234679222106934	0.0	0.1865333914756775	0.0	2.2688705921173096	0.0	0.0	0.0	0.0	0.0
2.808553457260132	0.0	0.0	0.0	0.5822854042053223	0.0	1.9947292804718018	0.0	0.0	0.0
2.1917920112609863	0.0	0.0	0.0	1.5135003328323364	0.0	0.6965539455413818	0.0	0.0	0.0
2.2054858207702637	0.0	0.0	0.0	1.6781408786773682	0.0	0.5554975271224976	0.0	0.0	0.0
0.9630213975906372	0.0	0.5252676010131836	0.0	2.7738471031188965	0.0	0.0	0.0	0.0	0.0
1.2947295904159546	0.0	0.3503066897392273	0.0	2.4823012351989746	0.0	0.0	0.0	0.0	0.0
2.7029316425323486	0.0	0.0	0.0	0.9115676879882812	0.0	1.5657988786697388	0.0	0.0	0.0
1.0435998439788818	0.0	0.49357110261917114	0.0	2.6765635013580322	0.0	0.0	0.0	0.0	0.0
2.3902676105499268	0.0	0.0	0.0	1.1788380146026611	0.0	1.1776360273361206	0.0	0.0	0.0
2.0096983909606934	0.0	0.0	0.0	1.68441903591156	0.0	0.5393313765525818	0.0	0.0	0.0
2.630570888519287	0.0	0.0	0.0	0.9910744428634644	0.0	1.4891302585601807	0.0	0.0	0.0
2.7798306941986084	0.0	0.0	0.0	0.6558678150177002	0.0	1.9065935611724854	0.0	0.0	0.0
1.8931381702423096	0.0	0.0	0.0	1.8313989639282227	0.0	0.3371735215187073	0.0	0.0	0.0
1.6433742046356201	0.0	0.19397588074207306	0.0	2.3960845470428467	0.0	0.0	0.0	0.0	0.0
2.815889835357666	0.0	0.0	0.0	0.40477460622787476	0.0	2.1775481700897217	0.0	0.0	0.0
2.606250524520874	0.0	0.0	0.0	0.9603805541992188	0.0	1.4301589727401733	0.0	0.0	0.0
2.362684726715088	0.0	0.0	0.0	1.5394206047058105	0.0	0.7788187861442566	0.0	0.0	0.0
1.4764330387115479	0.0	0.1485404074192047	0.0	2.196828603744507	0.0	0.0	0.0	0.0	0.0
0.2052897810935974	0.0	0.7564054727554321	0.0	3.267742872238159	0.0	0.0	0.0	0.9168307781219482	0.0
1.2566980123519897	0.0	0.3199872672557831	0.0	2.4914844036102295	0.0	0.0	0.0	0.0	0.0
2.499535083770752	0.0	0.0	0.0	1.038748025894165	0.0	1.3015804290771484	0.0	0.0	0.0
2.8313255310058594	0.0	0.0	0.0	0.379696786403656	0.0	2.2246792316436768	0.0	0.0	0.0
2.115391254425049	0.0	0.0	0.0	1.6990654468536377	0.0	0.3833516836166382	0.0	0.0	0.0
0.0	0.0	1.06404447555542	0.0	4.165295600891113	0.0	0.0	0.0	2.164517402648926	0.0
2.509287118911743	0.0	0.0	0.0	1.1127465963363647	0.0	1.2503211498260498	0.0	0.0	0.0
1.69606351852417	0.0	0.14166660606861115	0.0	2.2732412815093994	0.0	0.0	0.0	0.0	0.0
2.678683042526245	0.0	0.0	0.0	0.8003345727920532	0.0	1.6500709056854248	0.0	0.0	0.0
1.2920979261398315	0.0	0.41638270020484924	0.0	2.5787339210510254	0.0	0.0	0.0	0.0	0.0
2.5807993412017822	0.0	0.0	0.0	1.0841734409332275	0.0	1.3218332529067993	0.0	0.0	0.0
2.852060079574585	0.0	0.0	0.0	0.39170578122138977	0.0	2.242379903793335	0.0	0.0	0.0
2.7300429344177246	0.0	0.0	0.0	0.7154564261436462	0.0	1.8617196083068848	0.0	0.0	0.0
1.1902343034744263	0.0	0.3185672163963318	0.0	2.5157973766326904	0.0	0.0	0.0	0.0	0.0
2.321659803390503	0.0	0.0	0.0	1.4472122192382812	0.0	0.8796085715293884	0.0	0.0	0.0
0.9170821905136108	0.0	0.5348935127258301	0.0	2.7545244693756104	0.0	0.0	0.0	0.0	0.0
2.6859183311462402	0.0	0.0	0.0	0.7893437147140503	0.0	1.7041382789611816	0.0	0.0	0.0
2.4481213092803955	0.0	0.0	0.0	1.3054745197296143	0.0	1.0577845573425293	0.0	0.0	0.0
1.8471794128417969	0.0	0.055703483521938324	0.0	2.088310956954956	0.0	0.0	0.0	0.0	0.0
0.40084347128868103	0.0	0.7209218740463257	0.0	3.2223339080810547	0.0	0.0	0.0	0.6645933389663696	0.0
0.0	0.0	1.0951913595199585	0.0	4.237274646759033	0.0	0.0	0.0	2.292593240737915	0.0
0.10293388366699219	0.0	0.6919360160827637	0.0	3.333972454071045	0.0	0.0	0.0	1.077994704246521	0.0
2.607280731201172	0.0	0.0	0.0	1.0349321365356445	0.0	1.3868379592895508	0.0	0.0	0.0
2.7838969230651855	0.0	0.0	0.0	0.6927071809768677	0.0	1.8349852561950684	0.0	0.0	0.0
0.351450115442276	0.0	0.7627851366996765	0.0	3.245429515838623	0.0	0.0	0.0	0.7281330823898315	0.0
2.7660577297210693	0.0	0.0	0.0	0.5348501205444336	0.0	2.0194733142852783	0.0	0.0	0.0
1.2065541744232178	0.0	0.22213762998580933	0.0	2.4384753704071045	0.0	0.0	0.0	0.0	0.0
2.679959535598755	0.0	0.0	0.0	0.936866283416748	0.0	1.512037992477417	0.0	0.0	0.0
2.71423602104187	0.0	0.0	0.0	0.9942899942398071	0.0	1.532260537147522	0.0	0.0	0.0
2.7898430824279785	0.0	0.0	0.0	0.5143877267837524	0.0	2.0248520374298096	0.0	0.0	0.0
2.2036736011505127	0.0	0.0	0.0	1.788414716720581	0.0	0.3965129852294922	0.0	0.0	0.0
1.6610045433044434	0.0	0.10527366399765015	0.0	2.1822869777679443	0.0	0.0	0.0	0.0	0.0
2.798572063446045	0.0	0.0	0.0	0.5907148718833923	0.0	1.9605097770690918	0.0	0.0	0.0
2.6733264923095703	0.0	0.0	0.0	0.9187637567520142	0.0	1.5509140491485596	0.0	0.0	0.0
2.546459197998047	0.0	0.0	0.0	1.0966384410858154	0.0	1.3222078084945679	0.0	0.0	0.0
0.967121958732605	0.0	0.4649643898010254	0.0	2.687696695327759	0.0	0.0	0.0	0.0	0.0
2.2528724670410156	0.0	0.0	0.0	1.623025894165039	0.0	0.588502824306488	0.0	0.0	0.0
0.0	0.0	0.8954748511314392	0.0	3.6589155197143555	0.0	0.0	0.0	1.4692000150680542	0.0
1.781594157218933	0.0	0.06967278569936752	0.0	2.21743106842041	0.0	0.0	0.0	0.0	0.0
1.9637260437011719	0.0	0.0	0.0	1.9341996908187866	0.0	0.18592752516269684	0.0	0.0	0.0
2.6062064170837402	0.0	0.0	0.0	1.1037232875823975	0.0	1.353636384010315	0.0	0.0	0.0
0.950935959815979	0.0	0.45476794242858887	0.0	2.6768670082092285	0.0	0.0	0.0	0.0	0.0
2.159456491470337	0.0	0.0	0.0	1.6300888061523438	0.0	0.5190722346305847	0.0	0.0	0.0
1.5103718042373657	0.0	0.3554246425628662	0.0	2.4470560550689697	0.0	0.0	0.0	0.0	0.0
2.8066835403442383	0.0	0.0	0.0	0.6775463819503784	0.0	1.890990972518921	0.0	0.0	0.0
1.8455793857574463	0.0	0.0	0.0	1.8014507293701172	0.0	0.2456362396478653	0.0	0.0	0.0
1.8118691444396973	0.0	0.0992564707994461	0.0	2.16074800491333	0.0	0.0	0.0	0.0	0.0
2.570683240890503	0.0	0.0	0.0	1.1797422170639038	0.0	1.2580783367156982	0.0	0.0	0.0
2.7298576831817627	0.0	0.0	0.0	0.5699194669723511	0.0	2.0040273666381836	0.0	0.0	0.0
2.6639795303344727	0.0	0.0	0.0	0.7785089015960693	0.0	1.681803822517395	0.0	0.0	0.0
2.4071311950683594	0.0	0.0	0.0	1.4202766418457031	0.0	0.9125224947929382	0.0	0.0	0.0
1.2474830150604248	0.0	0.19314691424369812	0.0	2.401716470718384	0.0	0.0	0.0	0.0	0.0
0.947860598564148	0.0	0.47389495372772217	0.0	2.6740214824676514	0.0	0.0	0.0	0.0	0.0
2.196672201156616	0.0	0.0	0.0	1.6410444974899292	0.0	0.5367221832275391	0.0	0.0	0.0
0.5139262676239014	0.0	0.7183466553688049	0.0	3.041447401046753	0.0	0.0	0.0	0.43278124928474426	0.0
1.0412960052490234	0.0	0.5345326662063599	0.0	2.772928476333618	0.0	0.0	0.0	0.0	0.0
2.6874630451202393	0.0	0.0	0.0	0.7980180978775024	0.0	1.6398078203201294	0.0	0.0	0.0
1.6820505857467651	0.0	0.1806619018316269	0.0	2.2193222045898438	0.0	0.0	0.0	0.0	0.0
2.3074381351470947	0.0	0.0	0.0	1.335817813873291	0.0	1.0195775032043457	0.0	0.0	0.0
2.6514499187469482	0.0	0.0	0.0	0.801667332649231	0.0	1.700226068496704	0.0	0.0	0.0
0.2769078314304352	0.0	0.8480950593948364	0.0	3.324953079223633	0.0	0.0	0.0	0.8378963470458984	0.0
1.3429145812988281	0.0	0.09685170650482178	0.0	2.263519763946533	0.0	0.0	0.0	0.0	0.0
0.0	0.0	0.9426501393318176	0.0	3.9148054122924805	0.0	0.0	0.0	1.8779977560043335	0.0
2.5315871238708496	0.0	0.0	0.0	1.2205369472503662	0.0	1.1714246273040771	0.0	0.0	0.0
2.561958074569702	0.0	0.0	0.0	1.353464961051941	0.0	1.0444440841674805	0.0	0.0	0.0
2.827526807785034	0.0	0.0	0.0	0.3678490221500397	0.0	2.2245843410491943	0.0	0.0	0.0
2.597194194793701	0.0	0.0	0.0	0.9882822036743164	0.0	1.4056799411773682	0.0	0.0	0.0
2.805577516555786	0.0	0.0	0.0	0.42774301767349243	0.0	2.139991044998169	0.0	0.0	0.0
2.7617383003234863	0.0	0.0	0.0	0.5758035182952881	0.0	1.9228155612945557	0.0	0.0	0.0
2.4870457649230957	0.0	0.0	0.0	1.2964918613433838	0.0	1.081208348274231	0.0	0.0	0.0
1.4804844856262207	0.0	0.22332550585269928	0.0	2.419247627258301	0.0	0.0	0.0	0.0	0.0
2.4131150245666504	0.0	0.0	0.0	1.3761521577835083	0.0	0.9660314917564392	0.0	0.0	0.0
0.965023398399353	0.0	0.5795849561691284	0.0	2.793241500854492	0.0	0.0	0.0	0.0	0.0
1.3742998838424683	0.0	0.2565571665763855	0.0	2.3920955657958984	0.0	0.0	0.0	0.0	0.0
2.856879949569702	0.0	0.0	0.0	0.36044955253601074	0.0	2.254643440246582	0.0	0.0	0.0
1.3690147399902344	0.0	0.3031977415084839	0.0	2.446970224380493	0.0	0.0	0.0	0.0	0.0
2.8536460399627686	0.0	0.0	0.0	0.42632877826690674	0.0	2.1906354427337646	0.0	0.0	0.0
1.9934768676757812	0.0	0.0	0.0	1.8358349800109863	0.0	0.3297012448310852	0.0	0.0	0.0
2.740567922592163	0.0	0.0	0.0	0.7561937570571899	0.0	1.799194574356079	0.0	0.0	0.0
2.6295487880706787	0.0	0.0	0.0	0.8557604551315308	0.0	1.5305290222167969	0.0	0.0	0.0
2.0638909339904785	0.0	0.0	0.0	1.5769169330596924	0.0	0.5383481383323669	0.0	0.0	0.0
2.827288866043091	0.0	0.0	0.0	0.551624596118927	0.0	2.0109546184539795	0.0	0.0	0.0
0.7374019622802734	0.0	0.5489377379417419	0.0	2.9615886211395264	0.0	0.0	0.0	0.11770215630531311	0.0
1.4972063302993774	0.0	0.2199358493089676	0.0	2.31876277923584	0.0	0.0	0.0	0.0	0.0
0.0	0.0	0.9732531309127808	0.0	3.8437252044677734	0.0	0.0	0.0	1.728035569190979	0.0
2.490736961364746	0.0	0.0	0.0	1.1773062944412231	0.0	1.142195701599121	0.0	0.0	0.0
2.0630645751953125	0.0	0.0	0.0	1.853806972503662	0.0	0.323896586894989	0.0	0.0	0.0
1.5481468439102173	0.0	0.19210809469223022	0.0	2.3005080223083496	0.0	0.0	0.0	0.0	0.0
1.0916239023208618	0.0	0.4633464217185974	0.0	2.6247365474700928	0.0	0.0	0.0	0.0	0.0
2.830782175064087	0.0	0.0	0.0	0.6108293533325195	0.0	1.978285551071167	0.0	0.0	0.0
1.7512506246566772	0.0	0.12254031002521515	0.0	2.1396806240081787	0.0	0.0	0.0	0.0	0.0
2.8072545528411865	0.0	0.0	0.0	0.5012215971946716	0.0	2.0518994331359863	0.0	0.0	0.0
1.506859540939331	0.0	0.13990996778011322	0.0	2.28001070022583	0.0	0.0	0.0	0.0	0.0
1.6529359817504883	0.0	0.075267493724823	0.0	2.146958351135254	0.0	0.0	0.0	0.0	0.0
0.464642196893692	0.0	0.7358841896057129	0.0	3.04658579826355	0.0	0.0	0.0	0.47995421290397644	0.0
2.240936517715454	0.0	0.0	0.0	1.615492820739746	0.0	0.5837624073028564	0.0	0.0	0.0
1.359389066696167	0.0	0.311293363571167	0.0	2.520721435546875	0.0	0.0	0.0	0.0	0.0
1.1516661643981934	0.0	0.3840668797492981	0.0	2.5899770259857178	0.0	0.0	0.0	0.0	0.0
2.4596948623657227	0.0	0.0	0.0	1.3028210401535034	0.0	1.0338003635406494	0.0	0.0	0.0
2.532794713973999	0.0	0.0	0.0	1.1647837162017822	0.0	1.1571435928344727	0.0	0.0	0.0
2.6750714778900146	0.0	0.0	0.0	0.8732564449310303	0.0	1.6637358665466309	0.0	0.0	0.0
1.7730118036270142	0.0	0.0	0.0	1.9532161951065063	0.0	0.039609894156455994	0.0	0.0	0.0
2.808259963989258	0.0	0.0	0.0	0.5775692462921143	0.0	1.976271390914917	0.0	0.0	0.0
2.551281213760376	0.0	0.0	0.0	1.314308524131775	0.0	1.0930416584014893	0.0	0.0	0.0
2.8288371562957764	0.0	0.0	0.0	0.4648018777370453	0.0	2.098522663116455	0.0	0.0	0.0
1.486763596534729	0.0	0.22080844640731812	0.0	2.338108777999878	0.0	0.0	0.0	0.0	0.0
2.3967700004577637	0.0	0.0	0.0	1.3272238969802856	0.0	1.0313467979431152	0.0	0.0	0.0
2.6945502758026123	0.0	0.0	0.0	1.061049461364746	0.0	1.4290794134140015	0.0	0.0	0.0
1.830735445022583	0.0	0.0	0.0	1.9959038496017456	0.0	0.01936107873916626	0.0	0.0	0.0
2.0235488414764404	0.0	0.0	0.0	1.832411527633667	0.0	0.25714099407196045	0.0	0.0	0.0
0.9615319967269897	0.0	0.5060111880302429	0.0	2.754804849624634	0.0	0.0	0.0	0.0	0.0
2.5679399967193604	0.0	0.0	0.0	0.9829370975494385	0.0	1.3817682266235352	0.0	0.0	0.0
1.6940845251083374	0.0	0.06971309334039688	0.0	2.18041729927063	0.0	0.0	0.0	0.0	0.0
0.6567072868347168	0.0	0.5711793899536133	0.0	2.960378646850586	0.0	0.0	0.0	0.20098036527633667	0.0
1.6123961210250854	0.0	0.11046737432479858	0.0	2.164428949356079	0.0	0.0	0.0	0.0	0.0
1.2334367036819458	0.0	0.43530288338661194	0.0	2.578707218170166	0.0	0.0	0.0	0.0	0.0
2.2267634868621826	0.0	0.0	0.0	1.764032006263733	0.0	0.49262338876724243	0.0	0.0	0.0
0.6440416574478149	0.0	0.5886223912239075	0.0	2.835646629333496	0.0	0.0	0.0	0.16471776366233826	0.0
2.3096580505371094	0.0	0.0	0.0	1.4510222673416138	0.0	0.8000518679618835	0.0	0.0	0.0
1.8837823867797852	0.0	0.0	0.0	1.924017071723938	0.0	0.11091943085193634	0.0	0.0	0.0
2.7799057960510254	0.0	0.0	0.0	0.6076959371566772	0.0	1.9321229457855225	0.0	0.0	0.0
2.6568329334259033	0.0	0.0	0.0	1.066870093345642	0.0	1.4125629663467407	0.0	0.0	0.0
2.2859857082366943	0.0	0.0	0.0	1.596778392791748	0.0	0.5907654762268066	0.0	0.0	0.0
2.7886061668395996	0.0	0.0	0.0	0.5939555168151855	0.0	1.9690313339233398	0.0	0.0	0.0
2.564678907394409	0.0	0.0	0.0	1.1833401918411255	0.0	1.2264840602874756	0.0	0.0	0.0
2.8209011554718018	0.0	0.0	0.0	0.38754382729530334	0.0	2.2049992084503174	0.0	0.0	0.0
0.4721481502056122	0.0	0.795771062374115	0.0	3.112703561782837	0.0	0.0	0.0	0.511589527130127	0.0
2.691453695297241	0.0	0.0	0.0	0.8335732221603394	0.0	1.7079315185546875	0.0	0.0	0.0
2.59967303276062	0.0	0.0	0.0	1.1395546197891235	0.0	1.2538933753967285	0.0	0.0	0.0
2.0683305263519287	0.0	0.0	0.0	1.7582190036773682	0.0	0.476135790348053	0.0	0.0	0.0
2.0874855518341064	0.0	0.0	0.0	1.807305932044983	0.0	0.32588690519332886	0.0	0.0	0.0
2.496495246887207	0.0	0.0	0.0	1.3166559934616089	0.0	1.0842036008834839	0.0	0.0	0.0
2.423361301422119	0.0	0.0	0.0	1.2963132858276367	0.0	1.0224909782409668	0.0	0.0	0.0
2.614668607711792	0.0	0.0	0.0	1.1162680387496948	0.0	1.3870389461517334	0.0	0.0	0.0
1.4693363904953003	0.0	0.28183478116989136	0.0	2.406583309173584	0.0	0.0	0.0	0.0	0.0
0.1565445363521576	0.0	0.8200425505638123	0.0	3.4554123878479004	0.0	0.0	0.0	1.0834956169128418	0.0
1.8125669956207275	0.0	0.0	0.0	2.004854917526245	0.0	0.007923081517219543	0.0	0.0	0.0
2.5670418739318848	0.0	0.0	0.0	1.1857048273086548	0.0	1.2189503908157349	0.0	0.0	0.0
1.6217145919799805	0.0	0.1563086062669754	0.0	2.274538278579712	0.0	0.0	0.0	0.0	0.0
0.6896235942840576	0.0	0.44955599308013916	0.0	2.779611825942993	0.0	0.0	0.0	0.09941357374191284	0.0
2.227933168411255	0.0	0.0	0.0	1.5849674940109253	0.0	0.584046483039856	0.0	0.0	0.0
2.6557517051696777	0.0	0.0	0.0	0.7790275812149048	0.0	1.712013602256775	0.0	0.0	0.0
2.3683295249938965	0.0	0.0	0.0	1.3588125705718994	0.0	1.0116697549819946	0.0	0.0	0.0
0.0	0.0	0.8911200165748596	0.0	3.7188570499420166	0.0	0.0	0.0	1.5506889820098877	0.0
2.79966402053833	0.0	0.0	0.0	0.5980018973350525	0.0	1.993422269821167	0.0	0.0	0.0
2.666062593460083	0.0	0.0	0.0	1.0285924673080444	0.0	1.4906424283981323	0.0	0.0	0.0
0.14640331268310547	0.0	0.8351148366928101	0.0	3.426182985305786	0.0	0.0	0.0	1.0828396081924438	0.0
2.4843413829803467	0.0	0.0	0.0	1.2421447038650513	0.0	1.1021274328231812	0.0	0.0	0.0
1.0221269130706787	0.0	0.41547346115112305	0.0	2.7012534141540527	0.0	0.0	0.0	0.0	0.0
2.8257904052734375	0.0	0.0	0.0	0.45360100269317627	0.0	2.1149895191192627	0.0	0.0	0.0
2.516362428665161	0.0	0.0	0.0	1.1355921030044556	0.0	1.249681830406189	0.0	0.0	0.0
2.320244312286377	0.0	0.0	0.0	1.362432599067688	0.0	0.8799417614936829	0.0	0.0	0.0
2.530862808227539	0.0	0.0	0.0	1.345666766166687	0.0	1.0749168395996094	0.0	0.0	0.0
2.269855260848999	0.0	0.0	0.0	1.5546317100524902	0.0	0.7724037170410156	0.0	0.0	0.0
2.6153054237365723	0.0	0.0	0.0	1.0780318975448608	0.0	1.3499164581298828	0.0	0.0	0.0
1.2939341068267822	0.0	0.36762741208076477	0.0	2.4690589904785156	0.0	0.0	0.0	0.0	0.0
2.5170059204101562	0.0	0.0	0.0	1.2912118434906006	0.0	1.091774344444275	0.0	0.0	0.0
1.2185498476028442	0.0	0.35313257575035095	0.0	2.570734977722168	0.0	0.0	0.0	0.0	0.0
2.4288628101348877	0.0	0.0	0.0	1.5024487972259521	0.0	0.8491995930671692	0.0	0.0	0.0
2.8132243156433105	0.0	0.0	0.0	0.6102690696716309	0.0	1.9497897624969482	0.0	0.0	0.0
2.5613412857055664	0.0	0.0	0.0	1.114099144935608	0.0	1.2567343711853027	0.0	0.0	0.0
1.0428504943847656	0.0	0.48862001299858093	0.0	2.7055516242980957	0.0	0.0	0.0	0.0	0.0
0.830190896987915	0.0	0.46640104055404663	0.0	2.829927682876587	0.0	0.0	0.0	0.0	0.0
1.9655942916870117	0.0	0.0	0.0	2.0522522926330566	0.0	0.02030743658542633	0.0	0.0	0.0
2.719003438949585	0.0	0.0	0.0	0.8577423095703125	0.0	1.6615617275238037	0.0	0.0	0.0
0.0	0.0	0.9112295508384705	0.0	3.656743049621582	0.0	0.0	0.0	1.5299776792526245	0.0
2.7574617862701416	0.0	0.0	0.0	0.6775027513504028	0.0	1.8403098583221436	0.0	0.0	0.0
2.8747434616088867	0.0	0.0	0.0	0.44904351234436035	0.0	2.175062417984009	0.0	0.0	0.0
0.8251501321792603	0.0	0.46802935004234314	0.0	2.7675886154174805	0.0	0.0	0.0	0.0	0.0
0.556861400604248	0.0	0.6249231100082397	0.0	2.9679348468780518	0.0	0.0	0.0	0.3390258848667145	0.0
2.793914556503296	0.0	0.0	0.0	0.605750560760498	0.0	1.9267313480377197	0.0	0.0	0.0
2.791917085647583	0.0	0.0	0.0	0.6563775539398193	0.0	1.8838417530059814	0.0	0.0	0.0
2.813474416732788	0.0	0.0	0.0	0.3696250021457672	0.0	2.20988392829895	0.0	0.0	0.0
2.6760075092315674	0.0	0.0	0.0	0.9325393438339233	0.0	1.5595629215240479	0.0	0.0	0.0
2.6254420280456543	0.0	0.0	0.0	1.025701642036438	0.0	1.4259120225906372	0.0	0.0	0.0
1.3726868629455566	0.0	0.2716943025588989	0.0	2.489788293838501	0.0	0.0	0.0	0.0	0.0
2.343259572982788	0.0	0.0	0.0	1.319931983947754	0.0	0.9589388966560364	0.0	0.0	0.0
2.297886848449707	0.0	0.0	0.0	1.4254164695739746	0.0	0.8130415081977844	0.0	0.0	0.0
1.6565742492675781	0.0	0.17599783837795258	0.0	2.253922462463379	0.0	0.0	0.0	0.0	0.0
1.8213355541229248	0.0	0.06738854199647903	0.0	2.1640465259552	0.0	0.0	0.0	0.0	0.0
1.5220731496810913	0.0	0.27355045080184937	0.0	2.403191566467285	0.0	0.0	0.0	0.0	0.0
2.6955199241638184	0.0	0.0	0.0	0.8272658586502075	0.0	1.6843308210372925	0.0	0.0	0.0
2.730712890625	0.0	0.0	0.0	0.8948860168457031	0.0	1.6175472736358643	0.0	0.0	0.0
2.712846517562866	0.0	0.0	0.0	0.7688363790512085	0.0	1.6972284317016602	0.0	0.0	0.0
1.6077535152435303	0.0	0.19955047965049744	0.0	2.252833604812622	0.0	0.0	0.0	0.0	0.0
2.3702354431152344	0.0	0.0	0.0	1.256279468536377	0.0	1.0038049221038818	0.0	0.0	0.0
0.3987859785556793	0.0	0.7597299814224243	0.0	3.264298439025879	0.0	0.0	0.0	0.6931520700454712	0.0
2.231651782989502	0.0	0.0	0.0	1.504197120666504	0.0	0.6431465744972229	0.0	0.0	0.0
2.3181073665618896	0.0	0.0	0.0	1.4225521087646484	0.0	0.8055759072303772	0.0	0.0	0.0
1.7355306148529053	0.0	0.12882432341575623	0.0	2.208075761795044	0.0	0.0	0.0	0.0	0.0
2.8213491439819336	0.0	0.0	0.0	0.5280038118362427	0.0	2.040713310241699	0.0	0.0	0.0
2.1448025703430176	0.0	0.0	0.0	1.7984777688980103	0.0	0.3356342315673828	0.0	0.0	0.0
2.671499252319336	0.0	0.0	0.0	0.9646615982055664	0.0	1.4601329565048218	0.0	0.0	0.0
2.399796485900879	0.0	0.0	0.0	1.2389342784881592	0.0	1.1196938753128052	0.0	0.0	0.0
2.579965114593506	0.0	0.0	0.0	0.9642161130905151	0.0	1.4295483827590942	0.0	0.0	0.0
0.6289809942245483	0.0	0.6337600946426392	0.0	2.8200173377990723	0.0	0.0	0.0	0.15339982509613037	0.0
2.493224620819092	0.0	0.0	0.0	1.2515571117401123	0.0	1.0436149835586548	0.0	0.0	0.0
2.7585670948028564	0.0	0.0	0.0	0.6572421789169312	0.0	1.8638384342193604	0.0	0.0	0.0
1.6757547855377197	0.0	0.20914417505264282	0.0	2.3161792755126953	0.0	0.0	0.0	0.0	0.0
0.15281152725219727	0.0	0.8705076575279236	0.0	3.309203624725342	0.0	0.0	0.0	1.0120607614517212	0.0
1.3547284603118896	0.0	0.3834391236305237	0.0	2.5068411827087402	0.0	0.0	0.0	0.0	0.0
0.8057910203933716	0.0	0.45114463567733765	0.0	2.684035539627075	0.0	0.0	0.0	0.0	0.0
2.7685840129852295	0.0	0.0	0.0	0.6956077814102173	0.0	1.8390674591064453	0.0	0.0	0.0
2.5363025665283203	0.0	0.0	0.0	1.2262824773788452	0.0	1.1736029386520386	0.0	0.0	0.0
0.7465722560882568	0.0	0.5716559290885925	0.0	2.9160361289978027	0.0	0.0	0.0	0.08014386892318726	0.0
2.4894425868988037	0.0	0.0	0.0	1.3125803470611572	0.0	1.0468692779541016	0.0	0.0	0.0
2.689784288406372	0.0	0.0	0.0	0.7842751741409302	0.0	1.6790037155151367	0.0	0.0	0.0
0.760216236114502	0.0	0.6192595958709717	0.0	2.8964147567749023	0.0	0.0	0.0	0.056616201996803284	0.0
2.0971262454986572	0.0	0.0	0.0	1.7309585809707642	0.0	0.4468240737915039	0.0	0.0	0.0
0.0	0.0	0.9531683325767517	0.0	3.7424330711364746	0.0	0.0	0.0	1.5936098098754883	0.0
1.3699545860290527	0.0	0.3521813750267029	0.0	2.5447607040405273	0.0	0.0	0.0	0.0	0.0
2.6167898178100586	0.0	0.0	0.0	1.0928771495819092	0.0	1.3373301029205322	0.0	0.0	0.0
1.4973560571670532	0.0	0.27830928564071655	0.0	2.372865915298462	0.0	0.0	0.0	0.0	0.0
0.2651452422142029	0.0	0.7725507616996765	0.0	3.243150472640991	0.0	0.0	0.0	0.8350824117660522	0.0
1.6518378257751465	0.0	0.10827457159757614	0.0	2.254037618637085	0.0	0.0	0.0	0.0	0.0
2.788198232650757	0.0	0.0	0.0	0.6334922313690186	0.0	1.9348077774047852	0.0	0.0	0.0
2.37095046043396	0.0	0.0	0.0	1.2235569953918457	0.0	1.1001715660095215	0.0	0.0	0.0
2.8065943717956543	0.0	0.0	0.0	0.6703979969024658	0.0	1.8739979267120361	0.0	0.0	0.0
2.5826187133789062	0.0	0.0	0.0	0.9385260343551636	0.0	1.4705604314804077	0.0	0.0	0.0
0.3680356442928314	0.0	0.719515323638916	0.0	3.2531514167785645	0.0	0.0	0.0	0.7073527574539185	0.0
1.9318130016326904	0.0	0.0	0.0	1.997722864151001	0.0	0.02785278856754303	0.0	0.0	0.0
1.5653650760650635	0.0	0.20802995562553406	0.0	2.2906763553619385	0.0	0.0	0.0	0.0	0.0
1.948296308517456	0.0	0.0	0.0	1.9176489114761353	0.0	0.2578961253166199	0.0	0.0	0.0
2.7335379123687744	0.0	0.0	0.0	0.826063871383667	0.0	1.7394120693206787	0.0	0.0	0.0
2.2286031246185303	0.0	0.0	0.0	1.572316288948059	0.0	0.6673632860183716	0.0	0.0	0.0
2.629788398742676	0.0	0.0	0.0	0.9316655397415161	0.0	1.464468002319336	0.0	0.0	0.0
2.7806899547576904	0.0	0.0	0.0	0.6502952575683594	0.0	1.8967041969299316	0.0	0.0	0.0
1.4340075254440308	0.0	0.24436606466770172	0.0	2.4505815505981445	0.0	0.0	0.0	0.0	0.0
2.562248945236206	0.0	0.0	0.0	0.99283766746521	0.0	1.3594999313354492	0.0	0.0	0.0
2.7123234272003174	0.0	0.0	0.0	0.8709874153137207	0.0	1.609364628791809	0.0	0.0	0.0
2.7310056686401367	0.0	0.0	0.0	0.7631300687789917	0.0	1.6834721565246582	0.0	0.0	0.0
1.7979695796966553	0.0	0.08177392184734344	0.0	2.1279823780059814	0.0	0.0	0.0	0.0	0.0
2.788273811340332	0.0	0.0	0.0	0.48994284868240356	0.0	2.0635902881622314	0.0	0.0	0.0
0.5417047739028931	0.0	0.6373260021209717	0.0	3.0628137588500977	0.0	0.0	0.0	0.41234090924263	0.0
1.262087106704712	0.0	0.2840104103088379	0.0	2.422114610671997	0.0	0.0	0.0	0.0	0.0
2.084542989730835	0.0	0.0	0.0	1.8674410581588745	0.0	0.2643370032310486	0.0	0.0	0.0
2.8037607669830322	0.0	0.0	0.0	0.4778320789337158	0.0	2.0682055950164795	0.0	0.0	0.0
2.591156005859375	0.0	0.0	0.0	1.0227365493774414	0.0	1.4068509340286255	0.0	0.0	0.0
2.3813037872314453	0.0	0.0	0.0	1.3317220211029053	0.0	0.9809699654579163	0.0	0.0	0.0
2.7905209064483643	0.0	0.0	0.0	0.5438501238822937	0.0	2.0031394958496094	0.0	0.0	0.0
2.8523879051208496	0.0	0.0	0.0	0.5760916471481323	0.0	2.02351713180542	0.0	0.0	0.0
2.557480812072754	0.0	0.0	0.0	1.0977760553359985	0.0	1.2957357168197632	0.0	0.0	0.0
2.3826467990875244	0.0	0.0	0.0	1.5212410688400269	0.0	0.8260344862937927	0.0	0.0	0.0
2.7290704250335693	0.0	0.0	0.0	0.757060170173645	0.0	1.7822754383087158	0.0	0.0	0.0
0.7528451681137085	0.0	0.5397670865058899	0.0	2.8469860553741455	0.0	0.0	0.0	0.0380711555480957	0.0
1.865537166595459	0.0	0.11419838666915894	0.0	2.2508678436279297	0.0	0.0	0.0	0.0	0.0
2.3983407020568848	0.0	0.0	0.0	1.4045164585113525	0.0	0.8717449307441711	0.0	0.0	0.0
0.17960119247436523	0.0	0.8315185904502869	0.0	3.393272638320923	0.0	0.0	0.0	1.0122350454330444	0.0
2.4837613105773926	0.0	0.0	0.0	1.2345035076141357	0.0	1.0726501941680908	0.0	0.0	0.0
2.6136767864227295	0.0	0.0	0.0	0.8871259689331055	0.0	1.524620532989502	0.0	0.0	0.0
1.3770321607589722	0.0	0.37954390048980713	0.0	2.533013343811035	0.0	0.0	0.0	0.0	0.0
2.5624358654022217	0.0	0.0	0.0	1.217602252960205	0.0	1.2261312007904053	0.0	0.0	0.0
1.9694745540618896	0.0	0.0	0.0	1.9539992809295654	0.0	0.09148038923740387	0.0	0.0	0.0
2.6847474575042725	0.0	0.0	0.0	0.8915437459945679	0.0	1.5850125551223755	0.0	0.0	0.0
2.1798460483551025	0.0	0.0	0.0	1.627180814743042	0.0	0.6184274554252625	0.0	0.0	0.0
1.4575740098953247	0.0	0.2508631944656372	0.0	2.34580397605896	0.0	0.0	0.0	0.0	0.0
2.6306774616241455	0.0	0.0	0.0	0.9234647750854492	0.0	1.5404027700424194	0.0	0.0	0.0
2.8340954780578613	0.0	0.0	0.0	0.3604896068572998	0.0	2.2303435802459717	0.0	0.0	0.0
0.0	0.0	1.071117639541626	0.0	4.303020000457764	0.0	0.0	0.0	2.4242947101593018	0.0
1.4606459140777588	0.0	0.12167124450206757	0.0	2.2012901306152344	0.0	0.0	0.0	0.0	0.0
0.7355903387069702	0.0	0.5591721534729004	0.0	2.9074788093566895	0.0	0.0	0.0	0.08141031861305237	0.0
2.296339273452759	0.0	0.0	0.0	1.5019404888153076	0.0	0.7248620390892029	0.0	0.0	0.0
1.3995757102966309	0.0	0.31126487255096436	0.0	2.4113264083862305	0.0	0.0	0.0	0.0	0.0
1.6812268495559692	0.0	0.07079217582941055	0.0	2.139828681945801	0.0	0.0	0.0	0.0	0.0
2.8065309524536133	0.0	0.0	0.0	0.46712201833724976	0.0	2.1274702548980713	0.0	0.0	0.0
2.443490982055664	0.0	0.0	0.0	1.3741462230682373	0.0	0.9952508807182312	0.0	0.0	0.0
1.118303894996643	0.0	0.4256534278392792	0.0	2.599294900894165	0.0	0.0	0.0	0.0	0.0
2.8196306228637695	0.0	0.0	0.0	0.5064913034439087	0.0	2.080348491668701	0.0	0.0	0.0
2.82460880279541	0.0	0.0	0.0	0.4221641421318054	0.0	2.158902406692505	0.0	0.0	0.0
0.9605835676193237	0.0	0.5078864097595215	0.0	2.676499366760254	0.0	0.0	0.0	0.0	0.0
1.5736494064331055	0.0	0.09371668100357056	0.0	2.1645421981811523	0.0	0.0	0.0	0.0	0.0
2.769659996032715	0.0	0.0	0.0	0.655619740486145	0.0	1.9042880535125732	0.0	0.0	0.0
1.6711572408676147	0.0	0.14936156570911407	0.0	2.2388217449188232	0.0	0.0	0.0	0.0	0.0
1.0011669397354126	0.0	0.3645746409893036	0.0	2.5373620986938477	0.0	0.0	0.0	0.0	0.0
2.372063636779785	0.0	0.0	0.0	1.350631833076477	0.0	0.9814079403877258	0.0	0.0	0.0
2.4603536128997803	0.0	0.0	0.0	1.2407759428024292	0.0	1.1302729845046997	0.0	0.0	0.0
2.3812754154205322	0.0	0.0	0.0	1.2351109981536865	0.0	1.0638660192489624	0.0	0.0	0.0
2.834827184677124	0.0	0.0	0.0	0.35158830881118774	0.0	2.2428207397460938	0.0	0.0	0.0
0.2019844651222229	0.0	0.7770269513130188	0.0	3.290900468826294	0.0	0.0	0.0	0.927728533744812	0.0
2.7831411361694336	0.0	0.0	0.0	0.7379993200302124	0.0	1.8075714111328125	0.0	0.0	0.0
2.755223512649536	0.0	0.0	0.0	0.8218258619308472	0.0	1.7240055799484253	0.0	0.0	0.0
2.805823564529419	0.0	0.0	0.0	0.6801437735557556	0.0	1.8841288089752197	0.0	0.0	0.0
2.637005090713501	0.0	0.0	0.0	1.1830888986587524	0.0	1.3056893348693848	0.0	0.0	0.0
2.827932119369507	0.0	0.0	0.0	0.37018972635269165	0.0	2.221194267272949	0.0	0.0	0.0
0.3168812096118927	0.0	0.6869134902954102	0.0	3.215653896331787	0.0	0.0	0.0	0.7507035732269287	0.0
2.0222036838531494	0.0	0.0	0.0	2.000370502471924	0.0	0.0993252545595169	0.0	0.0	0.0
0.0	0.0	0.9378088712692261	0.0	3.706005096435547	0.0	0.0	0.0	1.471318006515503	0.0
2.3184854984283447	0.0	0.0	0.0	1.569431185722351	0.0	0.6829307079315186	0.0	0.0	0.0
2.8171796798706055	0.0	0.0	0.0	0.6230160593986511	0.0	1.9611971378326416	0.0	0.0	0.0
0.7172051668167114	0.0	0.6791795492172241	0.0	2.977390766143799	0.0	0.0	0.0	0.12180724740028381	0.0
2.084865093231201	0.0	0.0	0.0	1.6852388381958008	0.0	0.4430433511734009	0.0	0.0	0.0
2.309903144836426	0.0	0.0	0.0	1.4639936685562134	0.0	0.8945156931877136	0.0	0.0	0.0
1.1364353895187378	0.0	0.41242653131484985	0.0	2.6640546321868896	0.0	0.0	0.0	0.0	0.0
0.0	0.0	0.8807759881019592	0.0	3.6907472610473633	0.0	0.0	0.0	1.4879893064498901	0.0
2.116408586502075	0.0	0.0	0.0	1.7310820817947388	0.0	0.43255460262298584	0.0	0.0	0.0
0.4265042841434479	0.0	0.6924613118171692	0.0	3.0601985454559326	0.0	0.0	0.0	0.5421080589294434	0.0
2.797761917114258	0.0	0.0	0.0	0.7579967975616455	0.0	1.8090200424194336	0.0	0.0	0.0
0.879916787147522	0.0	0.5568691492080688	0.0	2.8225271701812744	0.0	0.0	0.0	0.0	0.0
2.6456069946289062	0.0	0.0	0.0	0.9147318601608276	0.0	1.5419625043869019	0.0	0.0	0.0
2.034271717071533	0.0	0.0	0.0	1.8867974281311035	0.0	0.24186192452907562	0.0	0.0	0.0
2.5132789611816406	0.0	0.0	0.0	1.1312965154647827	0.0	1.169824242591858	0.0	0.0	0.0
0.6613969802856445	0.0	0.6346920728683472	0.0	2.9185423851013184	0.0	0.0	0.0	0.21593764424324036	0.0
1.8012759685516357	0.0	0.0	0.0	1.963362693786621	0.0	0.012335628271102905	0.0	0.0	0.0
2.656707286834717	0.0	0.0	0.0	0.8595559597015381	0.0	1.566460132598877	0.0	0.0	0.0
2.350419044494629	0.0	0.0	0.0	1.363150715827942	0.0	0.9363664984703064	0.0	0.0	0.0
1.702208161354065	0.0	0.1721101850271225	0.0	2.342911958694458	0.0	0.0	0.0	0.0	0.0
0.4311680495738983	0.0	0.7591363787651062	0.0	3.104172945022583	0.0	0.0	0.0	0.5674426555633545	0.0
2.062929153442383	0.0	0.0	0.0	1.9110944271087646	0.0	0.2886173129081726	0.0	0.0	0.0
2.8091678619384766	0.0	0.0	0.0	0.4523618221282959	0.0	2.1231954097747803	0.0	0.0	0.0
2.4220261573791504	0.0	0.0	0.0	1.3314847946166992	0.0	0.9443450570106506	0.0	0.0	0.0
2.7705445289611816	0.0	0.0	0.0	0.7348353862762451	0.0	1.8092825412750244	0.0	0.0	0.0
2.55312442779541	0.0	0.0	0.0	1.2000081539154053	0.0	1.1779125928878784	0.0	0.0	0.0
2.2638754844665527	0.0	0.0	0.0	1.607625126838684	0.0	0.6226792931556702	0.0	0.0	0.0
1.6812922954559326	0.0	0.060586221516132355	0.0	2.142810821533203	0.0	0.0	0.0	0.0	0.0
0.19417738914489746	0.0	0.8364471793174744	0.0	3.3616998195648193	0.0	0.0	0.0	0.985102653503418	0.0
2.5596156120300293	0.0	0.0	0.0	1.1726323366165161	0.0	1.182122826576233	0.0	0.0	0.0
0.9731281995773315	0.0	0.5130831599235535	0.0	2.7889692783355713	0.0	0.0	0.0	0.0	0.0
0.0	0.0	0.9285572171211243	0.0	3.7243518829345703	0.0	0.0	0.0	1.5570714473724365	0.0
0.382117360830307	0.0	0.7378392815589905	0.0	3.2445199489593506	0.0	0.0	0.0	0.6843956708908081	0.0
1.5711252689361572	0.0	0.18519333004951477	0.0	2.2531049251556396	0.0	0.0	0.0	0.0	0.0
2.4321136474609375	0.0	0.0	0.0	1.3440866470336914	0.0	1.014708399772644	0.0	0.0	0.0
0.019606217741966248	0.0	0.8929207921028137	0.0	3.4318227767944336	0.0	0.0	0.0	1.2334411144256592	0.0
1.864224910736084	0.0	0.0	0.0	2.0618064403533936	0.0	0.013038411736488342	0.0	0.0	0.0
0.5345432758331299	0.0	0.6017526388168335	0.0	2.9230575561523438	0.0	0.0	0.0	0.33453890681266785	0.0
0.4164586365222931	0.0	0.693528413772583	0.0	3.0315053462982178	0.0	0.0	0.0	0.5264455080032349	0.0
2.713280200958252	0.0	0.0	0.0	0.7957866191864014	0.0	1.6685397624969482	0.0	0.0	0.0
2.6420440673828125	0.0	0.0	0.0	0.916051983833313	0.0	1.5121337175369263	0.0	0.0	0.0
1.7640864849090576	0.0	0.11860920488834381	0.0	2.232639789581299	0.0	0.0	0.0	0.0	0.0
2.4067559242248535	0.0	0.0	0.0	1.383499264717102	0.0	0.9426526427268982	0.0	0.0	0.0
0.47383347153663635	0.0	0.7329732179641724	0.0	3.1415390968322754	0.0	0.0	0.0	0.5314825773239136	0.0
2.329516887664795	0.0	0.0	0.0	1.4282786846160889	0.0	0.8269802927970886	0.0	0.0	0.0
0.8264346122741699	0.0	0.45297786593437195	0.0	2.6558170318603516	0.0	0.0	0.0	0.0	0.0
2.317030191421509	0.0	0.0	0.0	1.413137435913086	0.0	0.9215994477272034	0.0	0.0	0.0
2.807609796524048	0.0	0.0	0.0	0.4459783732891083	0.0	2.12665057182312	0.0	0.0	0.0
2.6945672035217285	0.0	0.0	0.0	0.7790470719337463	0.0	1.6612699031829834	0.0	0.0	0.0
2.7277138233184814	0.0	0.0	0.0	0.8908073902130127	0.0	1.5654594898223877	0.0	0.0	0.0
2.7574539184570312	0.0	0.0	0.0	0.6388031840324402	0.0	1.882580280303955	0.0	0.0	0.0
2.6864864826202393	0.0	0.0	0.0	0.7647048234939575	0.0	1.7440096139907837	0.0	0.0	0.0
2.7637126445770264	0.0	0.0	0.0	0.5737252235412598	0.0	1.9445841312408447	0.0	0.0	0.0
2.17327618598938	0.0	0.0	0.0	1.7713658809661865	0.0	0.4158324599266052	0.0	0.0	0.0
1.1901589632034302	0.0	0.45873430371284485	0.0	2.655285120010376	0.0	0.0	0.0	0.0	0.0
0.9284958839416504	0.0	0.5047957897186279	0.0	2.792163133621216	0.0	0.0	0.0	0.0	0.0
2.7776293754577637	0.0	0.0	0.0	0.7731420993804932	0.0	1.804854154586792	0.0	0.0	0.0
2.420351982116699	0.0	0.0	0.0	1.2438843250274658	0.0	1.0557669401168823	0.0	0.0	0.0
1.959029197692871	0.0	0.0	0.0	1.80069899559021	0.0	0.2963285446166992	0.0	0.0	0.0
2.316033363342285	0.0	0.0	0.0	1.510926365852356	0.0	0.7958491444587708	0.0	0.0	0.0
0.0	0.0	0.9654442071914673	0.0	3.8179678916931152	0.0	0.0	0.0	1.7400710582733154	0.0
1.5153368711471558	0.0	0.22212478518486023	0.0	2.3838303089141846	0.0	0.0	0.0	0.0	0.0
2.623046875	0.0	0.0	0.0	1.0945063829421997	0.0	1.3646608591079712	0.0	0.0	0.0
0.4375446140766144	0.0	0.7749541401863098	0.0	3.010843276977539	0.0	0.0	0.0	0.47982528805732727	0.0
2.693324089050293	0.0	0.0	0.0	0.8873094320297241	0.0	1.5878138542175293	0.0	0.0	0.0
1.675145149230957	0.0	0.1008305698633194	0.0	2.1668453216552734	0.0	0.0	0.0	0.0	0.0
2.7323055267333984	0.0	0.0	0.0	0.6660088300704956	0.0	1.8315622806549072	0.0	0.0	0.0
2.5716700553894043	0.0	0.0	0.0	1.2203375101089478	0.0	1.2076376676559448	0.0	0.0	0.0
2.6841256618499756	0.0	0.0	0.0	0.8024413585662842	0.0	1.6378443241119385	0.0	0.0	0.0
0.38115087151527405	0.0	0.7519698739051819	0.0	3.202227830886841	0.0	0.0	0.0	0.6761136054992676	0.0
2.527001142501831	0.0	0.0	0.0	1.0623116493225098	0.0	1.2861979007720947	0.0	0.0	0.0
1.0710382461547852	0.0	0.4202382266521454	0.0	2.7130274772644043	0.0	0.0	0.0	0.0	0.0
2.787947654724121	0.0	0.0	0.0	0.593259334564209	0.0	1.9756734371185303	0.0	0.0	0.0
2.8100996017456055	0.0	0.0	0.0	0.6850537061691284	0.0	1.8871493339538574	0.0	0.0	0.0
1.2366689443588257	0.0	0.2354673445224762	0.0	2.4075911045074463	0.0	0.0	0.0	0.0	0.0
0.46783509850502014	0.0	0.6845412850379944	0.0	3.074129581451416	0.0	0.0	0.0	0.5134507417678833	0.0
2.728224754333496	0.0	0.0	0.0	0.6823452711105347	0.0	1.8691949844360352	0.0	0.0	0.0
2.7371089458465576	0.0	0.0	0.0	0.796141505241394	0.0	1.7564826011657715	0.0	0.0	0.0
1.4744360446929932	0.0	0.03923797607421875	0.0	2.212782621383667	0.0	0.0	0.0	0.0	0.0
1.1095404624938965	0.0	0.40336114168167114	0.0	2.6756036281585693	0.0	0.0	0.0	0.0	0.0
2.799098491668701	0.0	0.0	0.0	0.5500596761703491	0.0	2.0032947063446045	0.0	0.0	0.0
0.654136061668396	0.0	0.513685941696167	0.0	2.9099764823913574	0.0	0.0	0.0	0.17545512318611145	0.0
0.0	0.0	0.9183371067047119	0.0	3.6485962867736816	0.0	0.0	0.0	1.607938528060913	0.0
2.657142400741577	0.0	0.0	0.0	0.8439245223999023	0.0	1.6148960590362549	0.0	0.0	0.0
2.1670525074005127	0.0	0.0	0.0	1.5607784986495972	0.0	0.5968505144119263	0.0	0.0	0.0
0.8797366619110107	0.0	0.45486557483673096	0.0	2.6703133583068848	0.0	0.0	0.0	0.0	0.0
2.189816474914551	0.0	0.0	0.0	1.6368889808654785	0.0	0.5788915157318115	0.0	0.0	0.0
1.689025640487671	0.0	0.08220460265874863	0.0	2.191993236541748	0.0	0.0	0.0	0.0	0.0
2.7019221782684326	0.0	0.0	0.0	0.9254807233810425	0.0	1.5778813362121582	0.0	0.0	0.0
2.2173123359680176	0.0	0.0	0.0	1.6683540344238281	0.0	0.5271732807159424	0.0	0.0	0.0
0.6858015060424805	0.0	0.489032119512558	0.0	2.847757577896118	0.0	0.0	0.0	0.10186755657196045	0.0
0.8464597463607788	0.0	0.49192485213279724	0.0	2.767302989959717	0.0	0.0	0.0	0.0	0.0
0.0	0.0	0.9149429202079773	0.0	3.7079954147338867	0.0	0.0	0.0	1.620361089706421	0.0
0.9883542060852051	0.0	0.48051249980926514	0.0	2.7515971660614014	0.0	0.0	0.0	0.0	0.0
1.4339503049850464	0.0	0.24288517236709595	0.0	2.3801021575927734	0.0	0.0	0.0	0.0	0.0
2.7674403190612793	0.0	0.0	0.0	0.5708167552947998	0.0	1.9562134742736816	0.0	0.0	0.0
2.742828369140625	0.0	0.0	0.0	0.6367087960243225	0.0	1.857645034790039	0.0	0.0	0.0
0.48450449109077454	0.0	0.6735435128211975	0.0	3.072871208190918	0.0	0.0	0.0	0.4775172173976898	0.0
2.6049184799194336	0.0	0.0	0.0	0.7570798993110657	0.0	1.6106979846954346	0.0	0.0	0.0
2.501908779144287	0.0	0.0	0.0	1.2564135789871216	0.0	1.1161911487579346	0.0	0.0	0.0
1.7872323989868164	0.0	0.052285730838775635	0.0	2.143956422805786	0.0	0.0	0.0	0.0	0.0
2.7549688816070557	0.0	0.0	0.0	0.865963339805603	0.0	1.6592353582382202	0.0	0.0	0.0
2.046379566192627	0.0	0.0	0.0	1.874376654624939	0.0	0.23243628442287445	0.0	0.0	0.0
0.23435208201408386	0.0	0.7310992479324341	0.0	3.1495554447174072	0.0	0.0	0.0	0.7916725873947144	0.0
0.02271236479282379	0.0	0.9399666786193848	0.0	3.4892711639404297	0.0	0.0	0.0	1.2577943801879883	0.0
2.611828088760376	0.0	0.0	0.0	1.021986484527588	0.0	1.424556016921997	0.0	0.0	0.0
2.6745827198028564	0.0	0.0	0.0	0.7587913274765015	0.0	1.7325154542922974	0.0	0.0	0.0
1.6886552572250366	0.0	0.20210741460323334	0.0	2.320479393005371	0.0	0.0	0.0	0.0	0.0
1.5950007438659668	0.0	0.20005598664283752	0.0	2.3099918365478516	0.0	0.0	0.0	0.0	0.0
0.0	0.0	0.920342206954956	0.0	3.650089979171753	0.0	0.0	0.0	1.5931605100631714	0.0
2.7591800689697266	0.0	0.0	0.0	0.698951780796051	0.0	1.8535351753234863	0.0	0.0	0.0
2.5030624866485596	0.0	0.0	0.0	1.3995957374572754	0.0	0.9974376559257507	0.0	0.0	0.0
1.1391777992248535	0.0	0.4784822463989258	0.0	2.6872427463531494	0.0	0.0	0.0	0.0	0.0
0.12061682343482971	0.0	0.8600384593009949	0.0	3.505640983581543	0.0	0.0	0.0	1.1440083980560303	0.0
1.906383991241455	0.0	0.0	0.0	1.9320892095565796	0.0	0.1313626915216446	0.0	0.0	0.0
0.34772977232933044	0.0	0.6556739211082458	0.0	3.1288864612579346	0.0	0.0	0.0	0.6710155010223389	0.0
2.6474111080169678	0.0	0.0	0.0	1.0422091484069824	0.0	1.421306848526001	0.0	0.0	0.0
2.844947576522827	0.0	0.0	0.0	0.4205849766731262	0.0	2.1933114528656006	0.0	0.0	0.0
0.9380824565887451	0.0	0.580868661403656	0.0	2.805781841278076	0.0	0.0	0.0	0.0	0.0
0.573898434638977	0.0	0.6109753251075745	0.0	2.8455936908721924	0.0	0.0	0.0	0.2496679425239563	0.0
0.8259265422821045	0.0	0.5763660669326782	0.0	2.9401228427886963	0.0	0.0	0.0	0.0	0.0
0.5178921222686768	0.0	0.7144388556480408	0.0	3.0514698028564453	0.0	0.0	0.0	0.43072035908699036	0.0
2.6637954711914062	0.0	0.0	0.0	0.8642969131469727	0.0	1.6460756063461304	0.0	0.0	0.0
2.6448471546173096	0.0	0.0	0.0	1.0021611452102661	0.0	1.4177278280258179	0.0	0.0	0.0
0.9158248901367188	0.0	0.47859838604927063	0.0	2.719647169113159	0.0	0.0	0.0	0.0	0.0
1.5428532361984253	0.0	0.13766416907310486	0.0	2.2736525535583496	0.0	0.0	0.0	0.0	0.0
2.7023351192474365	0.0	0.0	0.0	0.9288184642791748	0.0	1.5431567430496216	0.0	0.0	0.0
2.386896848678589	0.0	0.0	0.0	1.5165894031524658	0.0	0.7429178357124329	0.0	0.0	0.0
0.859222412109375	0.0	0.5137994885444641	0.0	2.770935535430908	0.0	0.0	0.0	0.0	0.0
2.690523862838745	0.0	0.0	0.0	0.9914419651031494	0.0	1.5182867050170898	0.0	0.0	0.0
2.8244190216064453	0.0	0.0	0.0	0.5357850790023804	0.0	2.07663631439209	0.0	0.0	0.0
1.0857188701629639	0.0	0.4475974142551422	0.0	2.7516651153564453	0.0	0.0	0.0	0.0	0.0
1.7679377794265747	0.0	0.0723462775349617	0.0	2.1422364711761475	0.0	0.0	0.0	0.0	0.0
2.690681219100952	0.0	0.0	0.0	0.9645881652832031	0.0	1.5196462869644165	0.0	0.0	0.0
0.9257920980453491	0.0	0.48944488167762756	0.0	2.749157428741455	0.0	0.0	0.0	0.0	0.0
0.473878413438797	0.0	0.6450473666191101	0.0	2.9606528282165527	0.0	0.0	0.0	0.4210425913333893	0.0
2.6903762817382812	0.0	0.0	0.0	0.752653181552887	0.0	1.7797770500183105	0.0	0.0	0.0
2.710188627243042	0.0	0.0	0.0	0.894902229309082	0.0	1.6102014780044556	0.0	0.0	0.0
0.3824569284915924	0.0	0.6832901239395142	0.0	3.0990607738494873	0.0	0.0	0.0	0.6269042491912842	0.0
0.0	0.0	0.9482924342155457	0.0	3.8533027172088623	0.0	0.0	0.0	1.7905992269515991	0.0
0.09924817085266113	0.0	0.901660680770874	0.0	3.4971344470977783	0.0	0.0	0.0	1.164976716041565	0.0
0.08824896812438965	0.0	0.8280013799667358	0.0	3.3312885761260986	0.0	0.0	0.0	1.0734660625457764	0.0
1.508912444114685	0.0	0.20040997862815857	0.0	2.331538200378418	0.0	0.0	0.0	0.0	0.0
1.885862112045288	0.0	0.056801311671733856	0.0	2.115502119064331	0.0	0.0	0.0	0.0	0.0
0.8741195201873779	0.0	0.5096739530563354	0.0	2.6923892498016357	0.0	0.0	0.0	0.0	0.0
1.431626558303833	0.0	0.23410364985466003	0.0	2.331075668334961	0.0	0.0	0.0	0.0	0.0
2.831176996231079	0.0	0.0	0.0	0.4591411352157593	0.0	2.114121913909912	0.0	0.0	0.0
2.813826560974121	0.0	0.0	0.0	0.47397711873054504	0.0	2.113337516784668	0.0	0.0	0.0
2.829977512359619	0.0	0.0	0.0	0.3793466091156006	0.0	2.2260985374450684	0.0	0.0	0.0
1.730273962020874	0.0	0.11780397593975067	0.0	2.1863207817077637	0.0	0.0	0.0	0.0	0.0
2.4546725749969482	0.0	0.0	0.0	1.4457011222839355	0.0	0.9445611834526062	0.0	0.0	0.0
2.336047887802124	0.0	0.0	0.0	1.6029627323150635	0.0	0.7140271663665771	0.0	0.0	0.0
2.3848671913146973	0.0	0.0	0.0	1.5015244483947754	0.0	0.7618668675422668	0.0	0.0	0.0
2.1564271450042725	0.0	0.0	0.0	1.7066854238510132	0.0	0.49027901887893677	0.0	0.0	0.0
2.778468608856201	0.0	0.0	0.0	0.5197696685791016	0.0	1.995722770690918	0.0	0.0	0.0
1.9994440078735352	0.0	0.0	0.0	1.9598634243011475	0.0	0.08218841254711151	0.0	0.0	0.0
1.6528934240341187	0.0	0.13306932151317596	0.0	2.1917920112609863	0.0	0.0	0.0	0.0	0.0
0.0	0.0	1.0098936557769775	0.0	3.834221601486206	0.0	0.0	0.0	1.8163352012634277	0.0
2.6411468982696533	0.0	0.0	0.0	0.9194073677062988	0.0	1.5238713026046753	0.0	0.0	0.0
2.833840847015381	0.0	0.0	0.0	0.542517900466919	0.0	2.0707223415374756	0.0	0.0	0.0
2.657435655593872	0.0	0.0	0.0	0.9093246459960938	0.0	1.5002226829528809	0.0	0.0	0.0
1.6736150979995728	0.0	0.01070915162563324	0.0	2.115034818649292	0.0	0.0	0.0	0.0	0.0
1.7829909324645996	0.0	0.0	0.0	2.0660502910614014	0.0	0.0	0.0	0.0	0.0
2.76300048828125	0.0	0.0	0.0	0.6552295088768005	0.0	1.904799461364746	0.0	0.0	0.0
2.8047356605529785	0.0	0.0	0.0	0.48119962215423584	0.0	2.1194820404052734	0.0	0.0	0.0
2.79583740234375	0.0	0.0	0.0	0.5539783835411072	0.0	1.9943318367004395	0.0	0.0	0.0
2.027111291885376	0.0	0.0	0.0	1.903731107711792	0.0	0.381555438041687	0.0	0.0	0.0
0.04791872203350067	0.0	0.804374635219574	0.0	3.4368762969970703	0.0	0.0	0.0	1.1988581418991089	0.0
2.5418505668640137	0.0	0.0	0.0	1.135644555091858	0.0	1.2614275217056274	0.0	0.0	0.0
2.562744617462158	0.0	0.0	0.0	1.182186484336853	0.0	1.1935417652130127	0.0	0.0	0.0
0.8950093984603882	0.0	0.5933424830436707	0.0	2.8212239742279053	0.0	0.0	0.0	0.0	0.0
2.1214120388031006	0.0	0.0	0.0	1.600344181060791	0.0	0.5452935695648193	0.0	0.0	0.0
0.7826474905014038	0.0	0.5274454355239868	0.0	2.848433256149292	0.0	0.0	0.0	0.008107036352157593	0.0
1.6861945390701294	0.0	0.04354802519083023	0.0	2.0465424060821533	0.0	0.0	0.0	0.0	0.0
2.2236874103546143	0.0	0.0	0.0	1.6266024112701416	0.0	0.5048514008522034	0.0	0.0	0.0
2.7618072032928467	0.0	0.0	0.0	0.7049158811569214	0.0	1.7905492782592773	0.0	0.0	0.0
2.735294818878174	0.0	0.0	0.0	0.7396769523620605	0.0	1.7517001628875732	0.0	0.0	0.0
2.7254228591918945	0.0	0.0	0.0	0.7204672694206238	0.0	1.7760127782821655	0.0	0.0	0.0
2.20865797996521	0.0	0.0	0.0	1.51887047290802	0.0	0.7057491540908813	0.0	0.0	0.0
2.716202974319458	0.0	0.0	0.0	0.8030892610549927	0.0	1.68692147731781	0.0	0.0	0.0
2.6813619136810303	0.0	0.0	0.0	0.9855742454528809	0.0	1.4941309690475464	0.0	0.0	0.0
1.6435635089874268	0.0	0.14224769175052643	0.0	2.2610602378845215	0.0	0.0	0.0	0.0	0.0
2.6999545097351074	0.0	0.0	0.0	0.761015772819519	0.0	1.7048203945159912	0.0	0.0	0.0
0.32456889748573303	0.0	0.8066741824150085	0.0	3.209162473678589	0.0	0.0	0.0	0.7372757196426392	0.0
2.684476852416992	0.0	0.0	0.0	0.9909255504608154	0.0	1.4714025259017944	0.0	0.0	0.0
2.6916887760162354	0.0	0.0	0.0	0.776464581489563	0.0	1.7565709352493286	0.0	0.0	0.0
2.669884443283081	0.0	0.0	0.0	0.9667730331420898	0.0	1.4809621572494507	0.0	0.0	0.0
2.7284414768218994	0.0	0.0	0.0	0.9775592088699341	0.0	1.5472594499588013	0.0	0.0	0.0
0.6207460165023804	0.0	0.6535018682479858	0.0	3.0526742935180664	0.0	0.0	0.0	0.32243630290031433	0.0
0.5750603675842285	0.0	0.5476670265197754	0.0	2.786322593688965	0.0	0.0	0.0	0.2058509886264801	0.0
2.7344377040863037	0.0	0.0	0.0	0.5531623959541321	0.0	1.9613633155822754	0.0	0.0	0.0
2.6451950073242188	0.0	0.0	0.0	0.9266097545623779	0.0	1.562536358833313	0.0	0.0	0.0
1.1364384889602661	0.0	0.42274269461631775	0.0	2.6471970081329346	0.0	0.0	0.0	0.0	0.0
2.602039098739624	0.0	0.0	0.0	0.7523789405822754	0.0	1.7276979684829712	0.0	0.0	0.0
2.311741828918457	0.0	0.0	0.0	1.5527712106704712	0.0	0.7053956389427185	0.0	0.0	0.0
